"","pred_a1","pred_a0","pred_mu","pred_sigma","pred_mu_sigma","variance","mean_peak","mu_1","mu_2","mu_3","mu_4","mu_5","mu_6","mu_7","mu_8","CellID","animal"
"1","0","0","17.9","0.6","11.6","19.5161471607487","17.6","3.8","31.4",NA,NA,NA,NA,NA,NA,"1","F3."
"10","0","0","5.5","0.7","0.3","0.212132034355964","5.65","5.8","5.5",NA,NA,NA,NA,NA,NA,"10","F3."
"100","0","0","2.2","0.8","0.2","0.424264068711929","1.9","2.2","1.6",NA,NA,NA,NA,NA,NA,"100","F7."
"101","0","0","2.1","2.9","2.3","2.1920310216783","1.85","0.3","3.4",NA,NA,NA,NA,NA,NA,"101","F7."
"102","0","0","4.9","1.9","2","3.25269119345812","6.2","3.9","8.5",NA,NA,NA,NA,NA,NA,"102","F7."
"103","0","0","3.1","1.1","4.1","1.97989898732233","3.2","4.6","1.8",NA,NA,NA,NA,NA,NA,"103","F7."
"104","0","0","2","2.2","1.7","1.69705627484771","2.9","4.1","1.7",NA,NA,NA,NA,NA,NA,"104","F7."
"105","0","0","1.9","3.4","0.2","0.424264068711928","1.4","1.7","1.1",NA,NA,NA,NA,NA,NA,"105","F7."
"106","0","0","5.8","1.4","4.5","2.54558441227157","4.4","6.2","2.6",NA,NA,NA,NA,NA,NA,"106","F7."
"107","0","0","2.5","2","0.5","2.40416305603426","1.8","0.1","3.5",NA,NA,NA,NA,NA,NA,"107","F7."
"108","0","0","1.2","2.9","1.6","1.48492424049175","1.35","0.3","2.4",NA,NA,NA,NA,NA,NA,"108","F7."
"109","0.5","0","23","1.4","10.9","10.3058235963944","28.1","16.2","34","34.1",NA,NA,NA,NA,NA,"109","F9."
"11","0","0","13.3","1.2","9.2","14.2128463018496","23.45","13.4","33.5",NA,NA,NA,NA,NA,NA,"11","F3."
"110","0.3","0","22.7","1.5","8.9","10.3079257531927","29.2666666666667","17.4","36","34.4",NA,NA,NA,NA,NA,"110","F9."
"111","0.1","0","14.2","0.9","3.2","2.50266524595946","14.7333333333333","17.3","14.6","12.3",NA,NA,NA,NA,NA,"111","F9."
"112","0.1","0","2.4","3.8","3.6","3.86910842443062","3.3","7.6","2.2","0.1",NA,NA,NA,NA,NA,"112","F9."
"113","0.1","0","28.9","0.8","9.3","5.29370695574787","30.5333333333333","24.5","32.7","34.4",NA,NA,NA,NA,NA,"113","F9."
"114","0.1","0","28.4","0.8","8.6","7.3613857391119","29.4","33.7","20.9","33.6",NA,NA,NA,NA,NA,"114","F9."
"115","0","0","14.4","0.7","5.2","8.10740402348372","13.2","16.3","4","19.3",NA,NA,NA,NA,NA,"115","F9."
"116","0.1","0","19.2","10.5","2.9","1.52752523165195","19.3333333333333","21","19","18",NA,NA,NA,NA,NA,"116","F9."
"117","0","0","14.2","1.3","13.8","3.2331615074619","5.03333333333333","8.5","2.1","4.5",NA,NA,NA,NA,NA,"117","F9."
"118","0","0","25.1","0.3","2.8","4.25009803808492","28.5333333333333","32.8","24.3","28.5",NA,NA,NA,NA,NA,"118","F9."
"119","0.1","0","3.7","0.9","1.2","1.09696551146029","3.53333333333333","4.8","2.9","2.9",NA,NA,NA,NA,NA,"119","F9."
"12","0","0","1.8","1.4","0.5","0.0707106781186547","1.85","1.9","1.8",NA,NA,NA,NA,NA,NA,"12","F3."
"120","0.1","0","4","1","11.9","3.92598183048946","2.36666666666667","6.9","0.1","0.1",NA,NA,NA,NA,NA,"120","F9."
"121","0.1","0","4.6","1.9","1.6","1.36137185711081","4.86666666666667","6.4","4.4","3.8",NA,NA,NA,NA,NA,"121","F9."
"122","0","0","9.9","1.4","12.8","14.5716619962629","16.5333333333333","6.2","10.2","33.2",NA,NA,NA,NA,NA,"122","F9."
"123","0","0","20.7","1.5","12.9","18.3919366390093","22.8333333333333","33.8","33.1","1.6",NA,NA,NA,NA,NA,"123","F9."
"124","0.1","0","0.9","3.6","0.3","0.360555127546399","1.1","1.5","0.8","1",NA,NA,NA,NA,NA,"124","F9."
"125","0.1","0","5","2","3.7","3.98288002999504","3.83333333333333","8.2","2.9","0.4",NA,NA,NA,NA,NA,"125","F9."
"126","0.1","0","6.5","1.5","5.6","7.73584729252933","5.66666666666667","14.5","2.4","0.1",NA,NA,NA,NA,NA,"126","F9."
"127","0.1","0","5.1","1.2","3.9","3.25115364140177","3.8","5.1","0.1","6.2",NA,NA,NA,NA,NA,"127","F9."
"128","0.1","0","2.3","2","1.4","1.30511813003013","2.46666666666667","2.6","3.7","1.1",NA,NA,NA,NA,NA,"128","F9."
"129","0.1","0","4.9","1.8","9.3","3.88501394248892","3.93333333333333","8.2","3","0.6",NA,NA,NA,NA,NA,"129","F9."
"13","0","0","18.5","1.3","12","22.2031529292576","18.3","2.6","34",NA,NA,NA,NA,NA,NA,"13","F3."
"130","0.1","0","2.9","0.7","1.5","1.65227116418583","2.8","1.1","2.9","4.4",NA,NA,NA,NA,NA,"130","F9."
"131","0.1","0","2.4","3","1.2","1.00166528008778","2.23333333333333","1.1","2.6","3",NA,NA,NA,NA,NA,"131","F9."
"132","0.2","0","5.6","3.8","2.9","1.70977581376429","4.43333333333333","6.4","3.6","3.3",NA,NA,NA,NA,NA,"132","F9."
"133","0.1","0","5.1","1.9","3.5","2.51462389500564","5.53333333333333","4.5","3.7","8.4",NA,NA,NA,NA,NA,"133","F9."
"134","0.1","0","4.7","1.1","1.8","1.64418166068514","4.46666666666667","5.7","2.6","5.1",NA,NA,NA,NA,NA,"134","F9."
"135","0.1","0","3.5","2.5","13.3","18.7686795841725","12.7333333333333","3.8","0.1","34.3",NA,NA,NA,NA,NA,"135","F9."
"136","0.2","0","6","6.7","3.8","4.366157731156","5.53333333333333","8.9","7.1","0.6",NA,NA,NA,NA,NA,"136","F9."
"137","0.1","0","5.8","2.6","3.1","2.1221058723196","5.36666666666667","3","6","7.1",NA,NA,NA,NA,NA,"137","F9."
"138","0.1","0","14.7","1.4","11","17.4081398585068","14.2666666666667","9","33.7","0.1",NA,NA,NA,NA,NA,"138","F9."
"139","0","0","18","0.8","10.7","15.1582760673281","14.5666666666667","2.9","31.7","9.1",NA,NA,NA,NA,NA,"139","F9."
"14","0","0","1","0","0.1","0.212132034355965","15.15","15","15.3",NA,NA,NA,NA,NA,NA,"14","F3."
"140","0","0","8.1","0.7","5.1","4.81698384192155","7.96666666666667","13","3.4","7.5",NA,NA,NA,NA,NA,"140","F9."
"141","0.1","0","4.5","2.2","3.5","3.6950417228136","2.23333333333333","6.5","0.1","0.1",NA,NA,NA,NA,NA,"141","F9."
"142","0.1","0","6.7","2.3","6.1","5.72916515151495","6.63333333333333","10.8","0.1","9",NA,NA,NA,NA,NA,"142","F9."
"143","0.3","0","21.9","14.7","0.7","0.264575131106459","22.7","23","22.5","22.6",NA,NA,NA,NA,NA,"143","F9."
"144","0.1","0","16.7","1.8","11.7","13.8500300842032","19.5666666666667","5.7","33.4","19.6",NA,NA,NA,NA,NA,"144","F9."
"145","0.2","0","3.3","2.5","3.1","1.82300118851671","3.03333333333333","5","1.4","2.7",NA,NA,NA,NA,NA,"145","F9."
"146","0.1","0","22.8","1","11.7","13.5056778183597","18.8666666666667","9.9","12.3","34.4",NA,NA,NA,NA,NA,"146","F9."
"147","0","0","0.3","0.8","11","16.6626328451819","21.9333333333333","2.7","31.1","32",NA,NA,NA,NA,NA,"147","F9."
"148","0.1","0","5.8","0","4.6","14.0992907623043","20.2","29.7","4","26.9",NA,NA,NA,NA,NA,"148","F9."
"149","0","0","27.7","0.6","5.3","3.64737348421207","28.6333333333333","31.7","29.6","24.6",NA,NA,NA,NA,NA,"149","F9."
"15","0","0","7.5","0.7","0.8","0.353553390593274","2.55","2.8","2.3",NA,NA,NA,NA,NA,NA,"15","F3."
"150","0","0","24.3","0.9","11.3","14.8668535115314","22.7666666666667","31.4","5.6","31.3",NA,NA,NA,NA,NA,"150","F9."
"151","0.1","0","29.2","0.7","7.1","3.70045042303411","30.4666666666667","32.8","26.2","32.4",NA,NA,NA,NA,NA,"151","F9."
"152","0.1","0","26.3","4.7","8.9","9.56155496419559","30.1333333333333","19.1","35.3","36",NA,NA,NA,NA,NA,"152","F9."
"153","0","0","0.7","2.3","0.3","0.458257569495584","0.8","1.2","0.3","0.9",NA,NA,NA,NA,NA,"153","F9."
"154","0","0","9.1","0.9","7.2","6.18789140176199","7.4","2.1","5.9","14.2",NA,NA,NA,NA,NA,"154","F9."
"155","0.1","0","1","1.9","1","0.793725393319377","0.7","1.6","0.1","0.4",NA,NA,NA,NA,NA,"155","F9."
"156","0.1","0","1.4","3.2","0.1","1.15470053837925","2.06666666666667","1.4","1.4","3.4",NA,NA,NA,NA,NA,"156","F9."
"157","0.3","0","4.3","6.5","2.5","3.34215499341368","3.8","6.6","4.7","0.1",NA,NA,NA,NA,NA,"157","F9."
"158","0.1","0","0.3","1.1","0.2","0.251661147842358","0.333333333333333","0.3","0.1","0.6",NA,NA,NA,NA,NA,"158","F9."
"159","0","0","28.8","0.7","5.2","4.20356991139674","30.3","33.7","31.6","25.6",NA,NA,NA,NA,NA,"159","F9."
"16","0","0","32.5","0","0.3","3.11126983722081","30.4","28.2","32.6",NA,NA,NA,NA,NA,NA,"16","F3."
"160","0","0","3.3","3.5","0.7","1.13578166916005","3.6","4.4","4.1","2.3",NA,NA,NA,NA,NA,"160","F9."
"161","0.2","0","22.3","12.3","3.2","4.66082968293558","25.8666666666667","21.9","24.7","31",NA,NA,NA,NA,NA,"161","F9."
"162","0.1","0","2.7","1.8","0.9","0.850490054811538","2.23333333333333","1.6","1.9","3.2",NA,NA,NA,NA,NA,"162","F9."
"163","0","0","5.8","2.7","1.6","1.50996688705415","6","7.6","5.8","4.6",NA,NA,NA,NA,NA,"163","F9."
"164","0.1","0","21.3","12.1","1","1.56204993518133","21.1","20.1","20.3","22.9",NA,NA,NA,NA,NA,"164","F9."
"165","0","0","15.3","1.4","9.2","6.45058136914806","7.3","12.8","0.2","8.9",NA,NA,NA,NA,NA,"165","F9."
"166","0.1","0","22.5","2","10.6","7.50555349946513","4.53333333333333","13.2","0.2","0.2",NA,NA,NA,NA,NA,"166","F9."
"167","0.2","0","5.3","2.9","6.3","7.0164093381159","4.3","12.4","0.4","0.1",NA,NA,NA,NA,NA,"167","F9."
"168","0","0","11.5","0.6","11.8","16.0026039547735","12.7666666666667","1.6","31.1","5.6",NA,NA,NA,NA,NA,"168","F9."
"169","0","0","24.4","0.7","10.1","9.9026932363541","24.4333333333333","13.5","27","32.8",NA,NA,NA,NA,NA,"169","F9."
"17","0","0","10.8","1.3","9.6","9.82878425849301","8.25","1.3","15.2",NA,NA,NA,NA,NA,NA,"17","F3."
"170","0.1","0","18.7","14.7","4.6","2.71354626519124","18.0666666666667","21.2","16.5","16.5",NA,NA,NA,NA,NA,"170","F9."
"171","0","0","7.3","2.8","0.2","0.1","7.3","7.2","7.3","7.4",NA,NA,NA,NA,NA,"171","F9."
"172","0","0","26.8","1.2","8.8","5.54346462061408","27.7","21.8","28.5","32.8",NA,NA,NA,NA,NA,"172","F9."
"173","0","0","14.1","4.3","9.6","10.782547627223","14.9333333333333","25.2","15.9","3.7",NA,NA,NA,NA,NA,"173","F9."
"174","0","0","4.4","1.7","0.5","0.152752523165194","4.43333333333333","4.4","4.6","4.3",NA,NA,NA,NA,NA,"174","F9."
"175","0.1","0","0.8","1.8","0.1","0.404145188432738","0.833333333333333","0.9","0.4","1.2",NA,NA,NA,NA,NA,"175","F9."
"176","0","0","35.2","0.5","4.3","4.9943301185778","38.2666666666667","32.5","41.2","41.1",NA,NA,NA,NA,NA,"176","F9."
"177","0.1","0","24.9","3.6","9.9","11.3777560763682","25.4333333333333","12.3","32.3","31.7",NA,NA,NA,NA,NA,"177","F9."
"178","0.1","0","15.4","15.4","3.9","1.15902257671425","17.6333333333333","16.3","18.2","18.4",NA,NA,NA,NA,NA,"178","F9."
"179","0.1","0","33.9","3.3","6.2","7.4473709007497","36.0666666666667","39.7","27.5","41",NA,NA,NA,NA,NA,"179","F9."
"18","0","0","25","0","7.9","6.7175144212722","29.75","25","34.5",NA,NA,NA,NA,NA,NA,"18","F3."
"180","0.1","0","18.9","10.2","1.4","1.51767365837763","19.8666666666667","21.5","19.6","18.5",NA,NA,NA,NA,NA,"180","F9."
"181","0","0","3.3","1.2","3.3","2.28691932520585","2.5","1.6","5.1","0.8",NA,NA,NA,NA,NA,"181","F9."
"182","0.2","0","0.5","2.9","1.1","1.28582010146573","1.03333333333333","2.5","0.5","0.1",NA,NA,NA,NA,NA,"182","F9."
"183","0","0","1.4","0","1.6","16.1809558844134","19.3666666666667","0.7","28","29.4",NA,NA,NA,NA,NA,"183","F9."
"184","0.2","0","1.7","3.8","1.2","1.47309198626562","1.9","2.8","2.7","0.2",NA,NA,NA,NA,NA,"184","F9."
"185","0","0","2.2","0.7","1.3","1.36137185711081","2.33333333333333","3.4","2.8","0.8",NA,NA,NA,NA,NA,"185","F9."
"186","0.1","0","1.6","2.1","11.7","1.62890556304942","1.33333333333333","3.2","0.2","0.6",NA,NA,NA,NA,NA,"186","F9."
"187","0.1","0","4.8","2.7","12.5","3.10859024854247","3.06666666666667","6.3","0.1","2.8",NA,NA,NA,NA,NA,"187","F9."
"188","0.1","0","2.9","1.2","2.5","1.88767935130237","3.13333333333333","5.2","1.5","2.7",NA,NA,NA,NA,NA,"188","F9."
"189","0.1","0","3.3","0.9","2.4","2.52388589282479","2.2","5","0.1","1.5",NA,NA,NA,NA,NA,"189","F9."
"19","0","0","33.3","0.2","5.9","0.424264068711924","35.5","35.8","35.2",NA,NA,NA,NA,NA,NA,"19","F3."
"190","0.4","0","26.2","5.5","13.7","15.244999180059","32.1","14.6","39.2","42.5",NA,NA,NA,NA,NA,"190","F9."
"191","0.2","0","18.3","4.6","14.3","19.6959386676543","15.9","9.5","38","0.2",NA,NA,NA,NA,NA,"191","F9."
"192","0.1","0","3.4","3.4","0.4","0.721110255092798","3.6","4.4","3","3.4",NA,NA,NA,NA,NA,"192","F9."
"193","0.1","0","16.9","1","9.5","15.796940632076","15.0666666666667","6.4","33.3","5.5",NA,NA,NA,NA,NA,"193","F9."
"194","0.1","0","5.5","1.2","4.8","4.75709995690652","4","9.3","0.1","2.6",NA,NA,NA,NA,NA,"194","F9."
"195","0.2","0","10.6","5.7","4.2","5.78129166651652","6.93333333333333","10.9","9.6","0.3",NA,NA,NA,NA,NA,"195","F9."
"196","0.1","0","23.1","0.5","10.7","12.9038753868751","24.4","9.5","31.9","31.8",NA,NA,NA,NA,NA,"196","F9."
"197","0.1","0","7.3","0.9","3","3.32866339541865","5.8","9.6","3.4","4.4",NA,NA,NA,NA,NA,"197","F9."
"198","0.1","0","17.4","1.6","10.7","14.4647848238403","26.5","9.8","35.1","34.6",NA,NA,NA,NA,NA,"198","F9."
"199","0","0","23.5","0.9","12.9","13.3751012457227","25.7333333333333","10.4","31.8","35",NA,NA,NA,NA,NA,"199","F9."
"2","0","0","16.7","0.6","11.6","13.8592929112563","22.1","12.3","31.9",NA,NA,NA,NA,NA,NA,"2","F3."
"20","0","0","32.9","0.3","0.1","0","32.9","32.9","32.9",NA,NA,NA,NA,NA,NA,"20","F3."
"200","0.1","0","25.4","3.9","10.5","15.1318648333024","31.0666666666667","13.6","39.4","40.2",NA,NA,NA,NA,NA,"200","F9."
"201","0.1","0","22.5","1.1","9.3","9.42974018730103","26.3","15.5","30.5","32.9",NA,NA,NA,NA,NA,"201","F9."
"202","0.1","0","30.6","2","9.6","6.09289203361863","31.6333333333333","24.6","35","35.3",NA,NA,NA,NA,NA,"202","F9."
"203","0","0","31.6","0.8","9","2.84312035153866","31.6666666666667","28.5","32.5","34",NA,NA,NA,NA,NA,"203","F9."
"204","0","0","24.8","0.7","10.8","17.899813779292","23.0333333333333","34.4","2.4","32.3",NA,NA,NA,NA,NA,"204","F9."
"205","0","0","23","1.2","12.5","16.4348207575663","13.5333333333333","3.5","4.6","32.5",NA,NA,NA,NA,NA,"205","F9."
"206","0","0","4.3","1.1","2.8","2.66645832519468","3.6","0.6","4.5","5.7",NA,NA,NA,NA,NA,"206","F9."
"207","0","0","7","0.8","5.7","5.83980593284857","4.96666666666667","3.5","11.4","0",NA,NA,NA,NA,NA,"207","F9."
"208","0.1","0","28.3","1","9.5","8.49293824303462","29.1","35.2","19.4","32.7",NA,NA,NA,NA,NA,"208","F9."
"209","0.1","0","25.7","1","8.4","8.7068938204161","29.5","35.4","19.5","33.6",NA,NA,NA,NA,NA,"209","F9."
"21","0","0","5.2","1.1","2.7","1.76776695296637","5.25","6.5","4",NA,NA,NA,NA,NA,NA,"21","F3."
"210","0.1","0","24.4","0.8","10.1","11.6173720493635","20.5333333333333","9.3","19.8","32.5",NA,NA,NA,NA,NA,"210","F9."
"211","0","0","18.8","1.3","11.7","16.1731258574216","22.2","5","24.5","37.1",NA,NA,NA,NA,NA,"211","F9."
"212","0","0","28.7","0.7","5.2","3.08598984660244","30.6333333333333","32","27.1","32.8",NA,NA,NA,NA,NA,"212","F9."
"213","0","0","3.9","1.8","3.5","3.57957166897568","2.46666666666667","6.6","0.4","0.4",NA,NA,NA,NA,NA,"213","F9."
"214","0","0","1.5","1.9","0.5","1.01488915650922","1.4","2.3","0.3","1.6",NA,NA,NA,NA,NA,"214","F9."
"215","0.1","0","17.1","2.3","10.1","7.53016157418507","8.46666666666667","14.7","10.6","0.1",NA,NA,NA,NA,NA,"215","F9."
"216","0.1","0","0.7","1.3","1.4","0.7","0.8","0.8","0.1","1.5",NA,NA,NA,NA,NA,"216","F9."
"217","0.1","0","18.1","4.9","11.1","2.01080415091409","1.96666666666667","4.2","1.4","0.3",NA,NA,NA,NA,NA,"217","F9."
"218","0","0","9.2","7","5.6","5.25071423713003","10.4","15.6","10.5","5.1",NA,NA,NA,NA,NA,"218","F9."
"219","0","0","6.8","2.2","2","2.12837966537928","6.5","8.4","6.9","4.2",NA,NA,NA,NA,NA,"219","F9."
"22","0","0","14.3","0.4","3.5","4.17193000900063","5.25","8.2","2.3",NA,NA,NA,NA,NA,NA,"22","F3."
"220","0","0","16.6","2.1","9.6","13.7885217965282","17.3666666666667","10.9","8","33.2",NA,NA,NA,NA,NA,"220","F9."
"221","0","0","2.4","2.9","0.3","0.346410161513776","2.2","2.6","2","2",NA,NA,NA,NA,NA,"221","F9."
"222","0","0","16.5","8.4","0.3","1.3114877048604","17.6","17.4","16.4","19",NA,NA,NA,NA,NA,"222","F9."
"223","0","0","20.6","1.5","13.5","17.3367624813093","24.0333333333333","32.4","35.6","4.1",NA,NA,NA,NA,NA,"223","F9."
"224","0","0","18.6","0.6","10.6","15.9819690067693","15.7666666666667","13.4","32.8","1.1",NA,NA,NA,NA,NA,"224","F9."
"225","0.1","0","2.6","1.3","12.6","2.21885856541902","1.93333333333333","4.4","0.1","1.3",NA,NA,NA,NA,NA,"225","F9."
"226","0.1","0","3.2","4.6","2.4","2.40069434400411","3.83333333333333","2.3","6.6","2.6",NA,NA,NA,NA,NA,"226","F9."
"227","0","0","2.4","1.4","0.9","0.7","2.9","2.2","3.6","2.9",NA,NA,NA,NA,NA,"227","F9."
"228","0.1","0","1.6","4.8","0.8","1.21243556529821","1.5","2.2","2.2","0.1",NA,NA,NA,NA,NA,"228","F9."
"229","0.1","0","14.7","4.7","10","15.607156478146","13.4333333333333","9.6","0.1","30.6",NA,NA,NA,NA,NA,"229","F9."
"23","0","0","34","0.1","3.7","2.40416305603426","42.2","43.9","40.5",NA,NA,NA,NA,NA,NA,"23","F3."
"230","0.1","0","30.9","5.5","7.9","8.5324869371909","33.9333333333333","24.8","35.3","41.7",NA,NA,NA,NA,NA,"230","F9."
"231","0.1","0","24.1","2.2","11","12.0736627969036","26.1333333333333","12.6","35.8","30",NA,NA,NA,NA,NA,"231","F9."
"232","0","0","8.4","2.6","2.1","1.68027775481714","8.16666666666667","6.7","7.8","10",NA,NA,NA,NA,NA,"232","F9."
"233","0.2","0","17.5","13.4","3.8","2.90918086982115","17.3333333333333","20.1","14.3","17.6",NA,NA,NA,NA,NA,"233","F9."
"234","0","0","17.7","0.7","8.9","12.2940364947129","26.4666666666667","24.3","15.4","39.7",NA,NA,NA,NA,NA,"234","F9."
"235","0","0","6.8","1.6","1.2","0.814452781524708","6.76666666666667","6.2","7.7","6.4",NA,NA,NA,NA,NA,"235","F9."
"236","0","0","6.2","1.1","1.9","2.05993527406405","5.86666666666667","6.1","7.8","3.7",NA,NA,NA,NA,NA,"236","F9."
"237","0","0","5.2","4.5","4","5.45802161959808","3.4","9.7","0.4","0.1",NA,NA,NA,NA,NA,"237","F9."
"238","0","0","6.1","1.8","0.2","0.458257569495584","5.9","5.4","6","6.3",NA,NA,NA,NA,NA,"238","F9."
"239","0.1","0","21.9","14.2","1.8","0.98657657246325","23.1666666666667","24.3","22.5","22.7",NA,NA,NA,NA,NA,"239","F9."
"24","0","0","35.8","0.9","0.2","2.68700576850888","10.4","8.5","12.3",NA,NA,NA,NA,NA,NA,"24","F3."
"240","0","0","32.6","2.3","1.3","14.2","20.4","20.4","6.2","34.6",NA,NA,NA,NA,NA,"240","F9."
"241","0.2","0","0.8","2.5","0.7","0.608276253029822","0.5","1.2","0.1","0.2",NA,NA,NA,NA,NA,"241","F9."
"242","0","0","2.1","1","1.7","1.73877351409933","1.43333333333333","3.4","0.1","0.8",NA,NA,NA,NA,NA,"242","F9."
"243","0.1","0","3.9","2.5","1.4","1.3114877048604","4.3","5.7","4.1","3.1",NA,NA,NA,NA,NA,"243","F9."
"244","0","0","3","0.7","2.3","2.1594752448994","2.26666666666667","4.3","0","2.5",NA,NA,NA,NA,NA,"244","F9."
"245","0","0","19.7","1.2","10.3","14.6185954637692","19.8666666666667","36","16.1","7.5",NA,NA,NA,NA,NA,"245","F9."
"246","0","0","3","0.9","3.7","5.07444578254611","5.6","4.6","1.1","11.1",NA,NA,NA,NA,NA,"246","F9."
"247","0.1","0","29","5.1","11.5","11.4176763543785","32.1333333333333","19","37.7","39.7",NA,NA,NA,NA,NA,"247","F9."
"248","0","0","1.1","1.7","0.3","0.665832811847939","0.933333333333333","0.2","1.1","1.5",NA,NA,NA,NA,NA,"248","F9."
"249","0","0","3.2","2.8","1.1","0.472581562625261","3.23333333333333","3.6","2.7","3.4",NA,NA,NA,NA,NA,"249","F9."
"25","0","0","3.5","6.2","1.3","2.68700576850888","2.7","4.6","0.8",NA,NA,NA,NA,NA,NA,"25","F3."
"250","0.1","0","1.5","1.8","0.3","0.264575131106459","1.9","2","1.6","2.1",NA,NA,NA,NA,NA,"250","F9."
"251","0.2","0","2.2","3.5","1.1","1.65630109984065","2.23333333333333","3.8","0.5","2.4",NA,NA,NA,NA,NA,"251","F9."
"252","0","0","17.1","1.1","9.1","13.4150413094158","20.1666666666667","6.4","33.2","20.9",NA,NA,NA,NA,NA,"252","F9."
"253","0.1","0","1.8","4.2","1.2","0.87368949480541","2.03333333333333","3","1.8","1.3",NA,NA,NA,NA,NA,"253","F9."
"254","0","0","7.9","0.4","2.9","20.3735122156196","26.3","40.1","2.9","35.9",NA,NA,NA,NA,NA,"254","F9."
"255","0.2","0","21.4","14.1","0.8","0.871779788708136","21.2","21.8","20.2","21.6",NA,NA,NA,NA,NA,"255","F9."
"256","0","0","25.2","7.8","0.5","0.60277137733417","25.3333333333333","25.9","24.7","25.4",NA,NA,NA,NA,NA,"256","F9."
"257","0","0","18.8","0.2","0.6","12.9712502609939","31.7333333333333","38.2","40.2","16.8",NA,NA,NA,NA,NA,"257","F9."
"258","0","0","7","5.4","0.5","1.35769412362775","7.43333333333333","7.6","6","8.7",NA,NA,NA,NA,NA,"258","F9."
"259","0","0","30.3","1.8","5.3","4.14769012021551","32.4333333333333","27.8","33.7","35.8",NA,NA,NA,NA,NA,"259","F9."
"26","0","0","30.2","1.3","9","0.777817459305203","34.55","34","35.1",NA,NA,NA,NA,NA,NA,"26","F3."
"260","0.3","0","19.8","18.8","9.4","11.5182463943085","23.4","16.7","16.8","36.7",NA,NA,NA,NA,NA,"260","F9."
"261","0.1","0","15.7","9.8","0.1","0.0577350269189634","15.7666666666667","15.8","15.7","15.8",NA,NA,NA,NA,NA,"261","F9."
"262","0","0","14.3","0.6","7.2","8.63500627291801","16.1333333333333","10.9","11.4","26.1",NA,NA,NA,NA,NA,"262","F9."
"263","0","0","0.1","2.1","10.7","17.6672012497735","20.8","35.5","25.7","1.2",NA,NA,NA,NA,NA,"263","F9."
"264","0","0","3.9","0","4.7","4.67047463683653","25.4666666666667","29.6","26.4","20.4",NA,NA,NA,NA,NA,"264","F9."
"265","0","0","22.4","2.9","12.3","18.5717527444234","26.4","5","38.3","35.9",NA,NA,NA,NA,NA,"265","F9."
"266","0","0","2.9","3.8","2.1","3.05995642670502","2.16666666666667","0.4","5.7","0.4",NA,NA,NA,NA,NA,"266","F9."
"267","0","0","3","0.8","2.8","2.55408170059874","2.13333333333333","1.3","5","0.1",NA,NA,NA,NA,NA,"267","F9."
"268","0.2","0","1.2","4.1","1.3","1.74355957741627","1.3","3.3","0.1","0.5",NA,NA,NA,NA,NA,"268","F9."
"269","0.1","0","5.2","2.8","0.2","0.321455025366432","5.33333333333333","5.7","5.1","5.2",NA,NA,NA,NA,NA,"269","F9."
"27","0","0","25.3","0","8.9","0.0707106781186558","29.55","29.5","29.6",NA,NA,NA,NA,NA,NA,"27","F3."
"270","0.1","0","4.1","3.8","0.1",NA,"3.7","3.7",NA,NA,NA,NA,NA,NA,NA,"270","F10"
"271","0.1","0","9.8","10.5","4.9",NA,"8.1","8.1",NA,NA,NA,NA,NA,NA,NA,"271","F10"
"272","0","0","2","1.9","8.4",NA,"1.7","1.7",NA,NA,NA,NA,NA,NA,NA,"272","F10"
"273","0","0","12.8","0.6","3.3",NA,"11.8","11.8",NA,NA,NA,NA,NA,NA,NA,"273","F10"
"274","0","0","20.1","2.1","6.3",NA,"19.7","19.7",NA,NA,NA,NA,NA,NA,NA,"274","F10"
"275","0","0","3.4","4.8","3.3",NA,"4.2","4.2",NA,NA,NA,NA,NA,NA,NA,"275","F10"
"276","0","0","1.1","0.5","3.2",NA,"1.2","1.2",NA,NA,NA,NA,NA,NA,NA,"276","F10"
"277","0","0","4.4","0.4","5.5",NA,"4.4","4.4",NA,NA,NA,NA,NA,NA,NA,"277","F10"
"278","0","0","9.3","1.1","0.2",NA,"9.1","9.1",NA,NA,NA,NA,NA,NA,NA,"278","F10"
"279","0","0","14.9","0","8.7",NA,"16.9","16.9",NA,NA,NA,NA,NA,NA,NA,"279","F10"
"28","0","0","7.4","0.9","10.9","20.7182286887658","18.65","33.3","4",NA,NA,NA,NA,NA,NA,"28","F3."
"280","0.3","0","14.2","0","7.6",NA,"22.2","22.2",NA,NA,NA,NA,NA,NA,NA,"280","F10"
"281","0.9","0","2.9","0","5.7",NA,"29.2","29.2",NA,NA,NA,NA,NA,NA,NA,"281","F10"
"282","0.6","0","18.9","0","5.3",NA,"22.3","22.3",NA,NA,NA,NA,NA,NA,NA,"282","F10"
"283","0.1","0","17.8","0.2","3.5",NA,"17.2","17.2",NA,NA,NA,NA,NA,NA,NA,"283","F10"
"284","1.1","0","15.9","0","7.8",NA,"24.5","24.5",NA,NA,NA,NA,NA,NA,NA,"284","F10"
"285","0","0","12.1","0.5","7.9",NA,"7.5","7.5",NA,NA,NA,NA,NA,NA,NA,"285","F10"
"286","0.5","0","22.9","0","4.3",NA,"19.2","19.2",NA,NA,NA,NA,NA,NA,NA,"286","F10"
"287","0","0","1.7","3.4","4.1",NA,"1.3","1.3",NA,NA,NA,NA,NA,NA,NA,"287","F10"
"288","0","0","3.1","3.5","3.9",NA,"3.4","3.4",NA,NA,NA,NA,NA,NA,NA,"288","F10"
"289","0.1","0","2","4.7","1.1",NA,"2.2","2.2",NA,NA,NA,NA,NA,NA,NA,"289","F10"
"29","0","0","17.8","1.4","10.3","8.20243866176395","5.9","11.7","0.1",NA,NA,NA,NA,NA,NA,"29","F3."
"290","1.2","0","20.9","0.2","9.1",NA,"40.8","40.8",NA,NA,NA,NA,NA,NA,NA,"290","F10"
"291","0","0","25","1.1","12.2",NA,"40.1","40.1",NA,NA,NA,NA,NA,NA,NA,"291","F10"
"292","0","0","22.3","0","7.5",NA,"29.5","29.5",NA,NA,NA,NA,NA,NA,NA,"292","F10"
"293","0.9","0","21.3","0","11.8",NA,"39.9","39.9",NA,NA,NA,NA,NA,NA,NA,"293","F10"
"294","0","0","4.2","2.6","3.4",NA,"0.8","0.8",NA,NA,NA,NA,NA,NA,NA,"294","F10"
"295","0","0","24.7","0.3","12.4",NA,"0.6","0.6",NA,NA,NA,NA,NA,NA,NA,"295","F10"
"296","0","0","5.3","6.1","0.2",NA,"5.2","5.2",NA,NA,NA,NA,NA,NA,NA,"296","F10"
"297","0","0","24.1","0.4","9.2",NA,"37.5","37.5",NA,NA,NA,NA,NA,NA,NA,"297","F10"
"298","0","0","12.9","0.7","12.2",NA,"30.1","30.1",NA,NA,NA,NA,NA,NA,NA,"298","F10"
"299","0","0","25.5","0","9.6",NA,"29.7","29.7",NA,NA,NA,NA,NA,NA,NA,"299","F10"
"3","0","0","5.3","0.4","5.8","1.5556349186104","5.7","4.6","6.8",NA,NA,NA,NA,NA,NA,"3","F3."
"30","0","0","19.9","1.4","12.6","22.5567063198509","20.75","4.8","36.7",NA,NA,NA,NA,NA,NA,"30","F3."
"300","1","0","22.4","0","8.2",NA,"38","38",NA,NA,NA,NA,NA,NA,NA,"300","F10"
"301","0","0","19.3","1.2","10",NA,"37.9","37.9",NA,NA,NA,NA,NA,NA,NA,"301","F10"
"302","0","0","28.9","0.7","10.8",NA,"38","38",NA,NA,NA,NA,NA,NA,NA,"302","F10"
"303","0.4","0","17.1","0","4.1",NA,"29.2","29.2",NA,NA,NA,NA,NA,NA,NA,"303","F10"
"304","0","0","7.6","0.8","6.7",NA,"8.9","8.9",NA,NA,NA,NA,NA,NA,NA,"304","F10"
"305","1.3","0","17.3","0","14",NA,"24.8","24.8",NA,NA,NA,NA,NA,NA,NA,"305","F10"
"306","0","0","13.5","0.5","7.9",NA,"43.1","43.1",NA,NA,NA,NA,NA,NA,NA,"306","F10"
"307","0","0","10","1.1","6.8",NA,"11.7","11.7",NA,NA,NA,NA,NA,NA,NA,"307","F10"
"308","0","0","11.3","0","7.4",NA,"11.2","11.2",NA,NA,NA,NA,NA,NA,NA,"308","F10"
"309","0","0","7","6.9","4",NA,"2.9","2.9",NA,NA,NA,NA,NA,NA,NA,"309","F10"
"31","0","0","10.4","5.2","13","26.2336615820209","20.45","1.9","39",NA,NA,NA,NA,NA,NA,"31","F3."
"310","0.1","0","7.3","12.9","2.8",NA,"8.6","8.6",NA,NA,NA,NA,NA,NA,NA,"310","F10"
"311","0.1","0","2.1","2","6.6",NA,"0.5","0.5",NA,NA,NA,NA,NA,NA,NA,"311","F10"
"312","0","0","1.9","1.6","6.3",NA,"2.2","2.2",NA,NA,NA,NA,NA,NA,NA,"312","F10"
"313","0","0","3.9","0.6","8.3",NA,"2.4","2.4",NA,NA,NA,NA,NA,NA,NA,"313","F10"
"314","1","0","23.5","0.7","10.2",NA,"40.6","40.6",NA,NA,NA,NA,NA,NA,NA,"314","F10"
"315","0","0","25.4","0","5.4",NA,"46.4","46.4",NA,NA,NA,NA,NA,NA,NA,"315","F10"
"316","0","0","33.5","3.5","11.6",NA,"0.4","0.4",NA,NA,NA,NA,NA,NA,NA,"316","F10"
"317","0","0","27.7","0.4","11.9",NA,"37.7","37.7",NA,NA,NA,NA,NA,NA,NA,"317","F10"
"318","0","0","13.4","0.9","10.6",NA,"36.4","36.4",NA,NA,NA,NA,NA,NA,NA,"318","F10"
"319","0.1","0","21","12.1","5.9",NA,"22","22",NA,NA,NA,NA,NA,NA,NA,"319","F10"
"32","0","0","2.2","2.9","6.9","0.777817459305202","2.75","2.2","3.3",NA,NA,NA,NA,NA,NA,"32","F3."
"320","0","0","33.1","4.4","9.3",NA,"39.8","39.8",NA,NA,NA,NA,NA,NA,NA,"320","F10"
"321","0","0","19.7","0.4","6.2",NA,"20.3","20.3",NA,NA,NA,NA,NA,NA,NA,"321","F10"
"322","0.1","0","0.1","1.8","3.3",NA,"0.7","0.7",NA,NA,NA,NA,NA,NA,NA,"322","F10"
"323","0.9","0","19.5","0","5.7",NA,"19.8","19.8",NA,NA,NA,NA,NA,NA,NA,"323","F10"
"324","0.1","0","17.8","1.5","11.9","20.3646752981726","19.2","33.6","4.8",NA,NA,NA,NA,NA,NA,"324","M6."
"325","0","0","17.6","0","2.3","10.1116269709676","29.05","21.9","36.2",NA,NA,NA,NA,NA,NA,"325","M6."
"326","0.1","0","29.3","1.2","8","4.10121933088197","30","27.1","32.9",NA,NA,NA,NA,NA,NA,"326","M6."
"327","0","0","4.4","4.1","0.3","0.0707106781186551","4.15","4.1","4.2",NA,NA,NA,NA,NA,NA,"327","M6."
"328","0","0","5.1","6.4","4.1","4.45477272147525","6.25","9.4","3.1",NA,NA,NA,NA,NA,NA,"328","M6."
"329","0","0","6.8","6.2","3.8","0.282842712474619","3.8","3.6","4",NA,NA,NA,NA,NA,NA,"329","M6."
"33","0","0","9.2","0.3","5.4","2.33345237791561","3.75","2.1","5.4",NA,NA,NA,NA,NA,NA,"33","F3."
"330","0","0","3.1","4.8","0.3","0.565685424949238","2.7","2.3","3.1",NA,NA,NA,NA,NA,NA,"330","M6."
"331","0.1","0","9.8","14.1","2.6","2.1920310216783","9.75","8.2","11.3",NA,NA,NA,NA,NA,NA,"331","M6."
"332","0","0","0.6","0","1.9","1.34350288425444","28.35","29.3","27.4",NA,NA,NA,NA,NA,NA,"332","M6."
"333","0.1","0","3.3","1.4","2.9","2.9698484809835","2.3","0.2","4.4",NA,NA,NA,NA,NA,NA,"333","M6."
"334","0","0","35.4","0.4","4.7","1.20208152801713","36.15","35.3","37",NA,NA,NA,NA,NA,NA,"334","M6."
"335","0.1","0","3.7","11.3","1.4","0.14142135623731","3.9","4","3.8",NA,NA,NA,NA,NA,NA,"335","M6."
"336","0.1","0","2","2.4","0.2","0.0707106781186548","2.15","2.1","2.2",NA,NA,NA,NA,NA,NA,"336","M6."
"337","0.1","0","18.1","13.2","1.8","0.636396103067894","18.65","19.1","18.2",NA,NA,NA,NA,NA,NA,"337","M6."
"338","0.1","0","1.5","3.5","0.1","0.141421356237309","1.4","1.3","1.5",NA,NA,NA,NA,NA,NA,"338","M6."
"339","0.1","0","2.1","3.6","14.5","1.76776695296637","1.45","0.2","2.7",NA,NA,NA,NA,NA,NA,"339","M6."
"34","0","0","1.5","2.2","0.4","0.919238815542512","0.75","1.4","0.1",NA,NA,NA,NA,NA,NA,"34","F3."
"340","0","0","1.4","2.6","0.1","0","1.3","1.3","1.3",NA,NA,NA,NA,NA,NA,"340","M6."
"341","0","0","5.5","4.3","5.9","5.58614357137373","7.25","3.3","11.2",NA,NA,NA,NA,NA,NA,"341","M6."
"342","0.6","0","17.1","13.1","2.2","0.282842712474621","18.1","17.9","18.3",NA,NA,NA,NA,NA,NA,"342","M6."
"343","0","0","18.9","2.5","12.2","25.1022907321224","20.05","2.3","37.8",NA,NA,NA,NA,NA,NA,"343","M6."
"344","0","0","7.5","7.1","0.3","2.47487373415292","5.05","3.3","6.8",NA,NA,NA,NA,NA,NA,"344","M6."
"345","0","0","9.2","0.7","7.1","0","1.3","1.3","1.3",NA,NA,NA,NA,NA,NA,"345","M6."
"346","0","0","13.5","1.2","9.2","13.717871555019","13.7","4","23.4",NA,NA,NA,NA,NA,NA,"346","M6."
"347","0.5","0","18.1","11.7","2","0.494974746830583","18.85","19.2","18.5",NA,NA,NA,NA,NA,NA,"347","M6."
"348","0","0","13.4","1.2","8.9","26.2336615820209","18.65","0.1","37.2",NA,NA,NA,NA,NA,NA,"348","M6."
"349","0","0","28.8","0.7","6.7","2.89913780286484","30.25","32.3","28.2",NA,NA,NA,NA,NA,NA,"349","M6."
"35","0","0","14.2","0.9","12.5","21.0010714012405","17.25","2.4","32.1",NA,NA,NA,NA,NA,NA,"35","F3."
"350","0","0","21.8","0.6","10","0.0707106781186507","38.75","38.7","38.8",NA,NA,NA,NA,NA,NA,"350","M6."
"351","0","0","9.2","5.2","8.4","9.33380951166243","9","15.6","2.4",NA,NA,NA,NA,NA,NA,"351","M6."
"352","0","0","8.5","0.9","2.5","1.62634559672906","8.85","10","7.7",NA,NA,NA,NA,NA,NA,"352","M6."
"353","0","0","16.3","11.8","5.7","0.565685424949236","18.5","18.1","18.9",NA,NA,NA,NA,NA,NA,"353","M6."
"354","0","0","16.3","0.9","5","4.87903679018718","18.05","21.5","14.6",NA,NA,NA,NA,NA,NA,"354","M6."
"355","0.1","0","1.9","2.3","3.3","3.18198051533946","2.55","0.3","4.8",NA,NA,NA,NA,NA,NA,"355","M6."
"356","0","0","6.7","12.5","0.3","1.97989898732233","3.9","2.5","5.3",NA,NA,NA,NA,NA,NA,"356","M6."
"357","0","0","14.7","0","3.5","0.141421356237309","18.1","18","18.2",NA,NA,NA,NA,NA,NA,"357","M6."
"358","0","0","7.1","1.2","8.2","4.73761543394987","6.95","3.6","10.3",NA,NA,NA,NA,NA,NA,"358","M6."
"359","0","0","15.8","1.1","12.7","22.9809703885628","16.35","32.6","0.1",NA,NA,NA,NA,NA,NA,"359","M6."
"36","0.1","0","2.1","3.9","3.1","1.5556349186104","1.3","2.4","0.2",NA,NA,NA,NA,NA,NA,"36","F3."
"360","0","0","1.6","1.2","1.4","1.5556349186104","1.3","2.4","0.2",NA,NA,NA,NA,NA,NA,"360","M6."
"361","0","0","4.3","2.9","4.5","5.30330085889911","6.05","9.8","2.3",NA,NA,NA,NA,NA,NA,"361","M6."
"362","0","0","9","1.8","8.9","9.6873629022557","9.35","16.2","2.5",NA,NA,NA,NA,NA,NA,"362","M6."
"363","0","0","3.6","3.2","4.8","2.1920310216783","2.05","0.5","3.6",NA,NA,NA,NA,NA,NA,"363","M6."
"364","0","0","4.3","1.9","2.7","3.11126983722081","4","1.8","6.2",NA,NA,NA,NA,NA,NA,"364","M6."
"365","0","0","30.9","0.5","1.2","0.353553390593274","31.75","32","31.5",NA,NA,NA,NA,NA,NA,"365","M6."
"366","0","0","10","0.9","9.4","10.6066017177982","12.1","19.6","4.6",NA,NA,NA,NA,NA,NA,"366","M6."
"367","0","0","5.3","8.4","3.3","4.80832611206852","5.4","2","8.8",NA,NA,NA,NA,NA,NA,"367","M6."
"368","0","0","28.9","0.7","9","2.75771644662753","29.55","31.5","27.6",NA,NA,NA,NA,NA,NA,"368","M6."
"369","0","0","2.3","3.7","1","1.69705627484771","3.8","2.6","5",NA,NA,NA,NA,NA,NA,"369","M6."
"37","0","0","5.9","0.5","0.5","0.14142135623731","5.9","6","5.8",NA,NA,NA,NA,NA,NA,"37","F3."
"370","0","0","12.5","1.4","5.5","4.80832611206852","13.1","16.5","9.7",NA,NA,NA,NA,NA,NA,"370","M6."
"371","0","0","32.4","4","3.4","30.1934595566656","23.35","2","44.7",NA,NA,NA,NA,NA,NA,"371","M6."
"372","0","0","8.4","7.4","10.9","2.54558441227157","2","0.2","3.8",NA,NA,NA,NA,NA,NA,"372","M6."
"373","0.1","0","12.5","0.8","6.3","8.34386001800126","11.4","17.3","5.5",NA,NA,NA,NA,NA,NA,"373","M6."
"374","0","0","2","5.3","0.1","0.0707106781186548","2.05","2.1","2",NA,NA,NA,NA,NA,NA,"374","M6."
"375","0","0","2.1","0.9","2.6","2.61629509039023","2.55","0.7","4.4",NA,NA,NA,NA,NA,NA,"375","M6."
"376","0","0","14.6","0.5","3","0.212132034355965","14.35","14.2","14.5",NA,NA,NA,NA,NA,NA,"376","M6."
"377","0.1","0","4","5.9","5.3","3.81837661840736","3.5","0.8","6.2",NA,NA,NA,NA,NA,NA,"377","M6."
"378","0","0","4","3.3","4.9","4.38406204335659","3.7","6.8","0.6",NA,NA,NA,NA,NA,NA,"378","M6."
"379","0.1","0","14.8","5.7","4.6","2.82842712474619","15.7","13.7","17.7",NA,NA,NA,NA,NA,NA,"379","M6."
"38","0","0","3.9","0.7","2.7","2.61629509039023","3.65","5.5","1.8",NA,NA,NA,NA,NA,NA,"38","F3."
"380","0","0","9.4","1","2","1.90918830920368","9.65","8.3","11",NA,NA,NA,NA,NA,NA,"380","M6."
"381","0.1","0","0","4","0","0","0","0","0",NA,NA,NA,NA,NA,NA,"381","M6."
"382","0","0","9.9","3","7.6","9.19238815542512","6.8","0.3","13.3",NA,NA,NA,NA,NA,NA,"382","M6."
"383","0","0","3.3","1.4","4.8","2.82842712474619","2.1","0.1","4.1",NA,NA,NA,NA,NA,NA,"383","M6."
"384","0","0","15.4","0.9","12.7","22.6981276760882","16.15","0.1","32.2",NA,NA,NA,NA,NA,NA,"384","M6."
"385","0","0","10.7","1.1","10.6","14.7078210486802","11.4","1","21.8",NA,NA,NA,NA,NA,NA,"385","M6."
"386","0.1","0","16.3","1.1","12.5","20.4353859762912","17.95","3.5","32.4",NA,NA,NA,NA,NA,NA,"386","M6."
"387","0.1","0","1.3","1.4","1.1","1.5556349186104","1.2","2.3","0.1",NA,NA,NA,NA,NA,NA,"387","M6."
"388","0","0","4","2.1","1.5","1.69705627484771","3.6","4.8","2.4",NA,NA,NA,NA,NA,NA,"388","M6."
"389","0","0","5.7","0.8","2.8","2.26274169979695","5.9","4.3","7.5",NA,NA,NA,NA,NA,NA,"389","M6."
"39","0","0","15.5","0.1","2.7","4.66690475583121","16.8","13.5","20.1",NA,NA,NA,NA,NA,NA,"39","F3."
"390","0","0","12.5","1.3","6.5","5.58614357137373","10.45","6.5","14.4",NA,NA,NA,NA,NA,NA,"390","M6."
"391","0","0","21.7","0","1.7","0.494974746830583","21.85","22.2","21.5",NA,NA,NA,NA,NA,NA,"391","M6."
"392","0","0","15.8","0.8","11.3","13.8592929112563","21.4","11.6","31.2",NA,NA,NA,NA,NA,NA,"392","M6."
"393","0","0","18","1.3","7.5","11.1722871427474","24.9","17","32.8",NA,NA,NA,NA,NA,NA,"393","M6."
"394","0","0","25.6","1","6","8.69741340859454","27.45","21.3","33.6",NA,NA,NA,NA,NA,NA,"394","M6."
"395","0","0","29.1","0.5","5.5","2.9698484809835","29.2","27.1","31.3",NA,NA,NA,NA,NA,NA,"395","M6."
"396","0","0","32.4","2","4.3","19.1625937701554","23.65","10.1","37.2",NA,NA,NA,NA,NA,NA,"396","M6."
"397","0","0","28.3","9.9","0.7","0.494974746830583","28.35","28","28.7",NA,NA,NA,NA,NA,NA,"397","M6."
"398","0","0","12.3","0.8","11.7","22.3445742854949","18.5","2.7","34.3",NA,NA,NA,NA,NA,NA,"398","M6."
"399","0","0","1","2.9","0.2","11.3844191771034","10.25","2.2","18.3",NA,NA,NA,NA,NA,NA,"399","M6."
"4","0","0","36.1","0","2.3","4.66690475583121","40","43.3","36.7",NA,NA,NA,NA,NA,NA,"4","F3."
"40","0","0","15.6","0.9","9.1","13.7885822331377","23.15","13.4","32.9",NA,NA,NA,NA,NA,NA,"40","F3."
"400","0","0","32.5","0.1","4.5","1.90918830920368","33.75","32.4","35.1",NA,NA,NA,NA,NA,NA,"400","M6."
"401","0","0","1.7","3.8","0.5","0.0707106781186548","1.95","1.9","2",NA,NA,NA,NA,NA,NA,"401","M6."
"402","0.1","0","30.2","1.3","5.6","4.31335136523794","30.35","33.4","27.3",NA,NA,NA,NA,NA,NA,"402","M6."
"403","0","0","1.9","1.6","4.3","0","0.1","0.1","0.1",NA,NA,NA,NA,NA,NA,"403","M6."
"404","0","0","16.7","0.6","3.1","28.0014285349873","40.2","20.4","60",NA,NA,NA,NA,NA,NA,"404","M6."
"405","0","0","15.7","0.8","11.1","20.7182286887658","18.45","33.1","3.8",NA,NA,NA,NA,NA,NA,"405","M6."
"406","0","0","37.4","0.1","0.2","2.54558441227157","39.1","40.9","37.3",NA,NA,NA,NA,NA,NA,"406","M6."
"407","0.2","0","15.8","3.7","14","26.5872149726142","18.9","37.7","0.1",NA,NA,NA,NA,NA,NA,"407","M6."
"408","0.1","0","10","0.9","8.7","15.76848122046","21.15","32.3","10",NA,NA,NA,NA,NA,NA,"408","M6."
"409","0.1","0","16.1","3.1","13.4","23.970919882224","20.05","37","3.1",NA,NA,NA,NA,NA,NA,"409","M6."
"41","0","0","3.1","2","13.2","1.4142135623731","1.7","2.7","0.7",NA,NA,NA,NA,NA,NA,"41","F3."
"410","0","0","3.2","0.7","0.3","0.14142135623731","3.4","3.5","3.3",NA,NA,NA,NA,NA,NA,"410","M6."
"411","0","0","1.8","2.2","7.4","2.26274169979695","1.9","0.3","3.5",NA,NA,NA,NA,NA,NA,"411","M6."
"412","0","0","4.3","1.1","10.4","1.13137084989848","4.9","4.1","5.7",NA,NA,NA,NA,NA,NA,"412","M6."
"413","0","0","17.7","1.9","10.5","19.2333044482741","19.7","33.3","6.1",NA,NA,NA,NA,NA,NA,"413","M6."
"414","0.1","0","17.5","0.8","11","17.2534054609518","19.6","31.8","7.4",NA,NA,NA,NA,NA,NA,"414","M6."
"415","0","0","14.1","0.9","5.3","7.99030662740799","14.65","20.3","9",NA,NA,NA,NA,NA,NA,"415","M6."
"416","0","0","15.1","0.7","11.9","3.46482322781408","12.05","14.5","9.6",NA,NA,NA,NA,NA,NA,"416","M6."
"417","0","0","10.6","0.7","5.7","5.72756492761104","9.25","5.2","13.3",NA,NA,NA,NA,NA,NA,"417","M6."
"418","0","0","21.6","0.7","7","9.40452018978108","25.25","31.9","18.6",NA,NA,NA,NA,NA,NA,"418","M6."
"419","0","0","24.8","0.6","9.1","8.69741340859454","26.05","32.2","19.9",NA,NA,NA,NA,NA,NA,"419","M6."
"42","0","0","1.9","1.9","1.6","1.90918830920368","1.55","2.9","0.2",NA,NA,NA,NA,NA,NA,"42","F3."
"420","0.3","0","28.2","1.3","7.2","4.66690475583121","30.4","33.7","27.1",NA,NA,NA,NA,NA,NA,"420","M6."
"421","0","0","25.7","0.8","5.8","7.00035713374682","27.95","32.9","23",NA,NA,NA,NA,NA,NA,"421","M6."
"422","0.1","0","25.7","1.1","7.3","5.16187950266179","29.15","32.8","25.5",NA,NA,NA,NA,NA,NA,"422","M6."
"423","0.1","0","19.4","8.5","4.7","4.24264068711928","20.5","23.5","17.5",NA,NA,NA,NA,NA,NA,"423","M6."
"424","0.1","0","20.2","6.6","8.9","10.2530483272049","28.55","21.3","35.8",NA,NA,NA,NA,NA,NA,"424","M6."
"425","0","0","9.4","1.2","4.5","1.76776695296637","8.95","7.7","10.2",NA,NA,NA,NA,NA,NA,"425","M6."
"426","0.1","0","14.9","3.5","12.8","23.0516810666815","19.1","2.8","35.4",NA,NA,NA,NA,NA,NA,"426","M6."
"427","0","0","17.3","1.2","12.2","21.4253354699524","17.05","1.9","32.2",NA,NA,NA,NA,NA,NA,"427","M6."
"428","0.1","0","17.8","11.1","0.4","0.494974746830583","17.35","17","17.7",NA,NA,NA,NA,NA,NA,"428","M6."
"429","0.1","0","31.2","0","3.8","7.21248916810278","24.4","29.5","19.3",NA,NA,NA,NA,NA,NA,"429","M6."
"43","0","0","25.1","0.2","6.1","2.82842712474619","37.2","39.2","35.2",NA,NA,NA,NA,NA,NA,"43","F3."
"430","0","0","20.7","0.2","9.7","14.3542676580869","29.85","40","19.7",NA,NA,NA,NA,NA,NA,"430","M6."
"431","0","0","32.8","0.5","1.3","12.4450793488832","29.9","21.1","38.7",NA,NA,NA,NA,NA,NA,"431","M6."
"432","0","0","3.5","1.6","1.1","0.565685424949238","3.3","2.9","3.7",NA,NA,NA,NA,NA,NA,"432","M6."
"433","0","0","7.9","3.2","1.6","1.27279220613578","7.3","6.4","8.2",NA,NA,NA,NA,NA,NA,"433","M6."
"434","0","0","4.6","0.8","9.3","6.29325035256027","4.55","0.1","9",NA,NA,NA,NA,NA,NA,"434","M6."
"435","0","0","4.6","2.9","2.2","0.212132034355964","3.45","3.6","3.3",NA,NA,NA,NA,NA,NA,"435","M6."
"436","0","0","3.6","4","0.4","0.707106781186548","3.5","3","4",NA,NA,NA,NA,NA,NA,"436","M6."
"437","0","0","22.4","1.4","9.6","7.35391052434009","26.5","21.3","31.7",NA,NA,NA,NA,NA,NA,"437","M6."
"438","0","0","6.1","2.2","4.1","4.94974746830583","3.6","0.1","7.1",NA,NA,NA,NA,NA,NA,"438","M6."
"439","0","0","6.5","1.9","6.6","10.9601551083915","8.85","16.6","1.1",NA,NA,NA,NA,NA,NA,"439","M6."
"44","0","0","12.2","0.2","10.7","13.3643181644258","26.15","16.7","35.6",NA,NA,NA,NA,NA,NA,"44","F3."
"440","0","0","28.9","0","2.5","0.212132034355965","29.15","29.3","29",NA,NA,NA,NA,NA,NA,"440","M6."
"441","0","0","8.4","1.5","1.9","2.68700576850888","9.1","11","7.2",NA,NA,NA,NA,NA,NA,"441","M6."
"442","0","0","0.5","2","1.1","0.777817459305202","0.65","1.2","0.1",NA,NA,NA,NA,NA,NA,"442","M6."
"443","0","0","9.4","1.7","5.5","4.38406204335659","7","3.9","10.1",NA,NA,NA,NA,NA,NA,"443","M6."
"444","0","0","29","1.4","6.4","5.37401153701776","30","26.2","33.8",NA,NA,NA,NA,NA,NA,"444","M6."
"445","0","0","1.9","5.6","3.1","0.919238815542512","1.15","0.5","1.8",NA,NA,NA,NA,NA,NA,"445","M6."
"446","0","0","1.7","3.6","1.8","3.7476659402887","3.15","0.5","5.8",NA,NA,NA,NA,NA,NA,"446","M6."
"447","0","0","30.8","0.1","6.8","2.26274169979695","38.3","36.7","39.9",NA,NA,NA,NA,NA,NA,"447","M6."
"448","0","0","2.7","5","0.3","0.424264068711929","3.2","3.5","2.9",NA,NA,NA,NA,NA,NA,"448","M6."
"449","0","0","5.4","5.5","4.4","1.27279220613579","5.8","6.7","4.9",NA,NA,NA,NA,NA,NA,"449","M6."
"45","0","0","2.9","1.7","2.4","0.919238815542512","3.75","4.4","3.1",NA,NA,NA,NA,NA,NA,"45","F3."
"450","0","0","14.8","0.2","8.7","20.8596500450031","20.65","35.4","5.9",NA,NA,NA,NA,NA,NA,"450","M6."
"451","0","0","0.6","0","1.7","1.13137084989848","0.9","1.7","0.1",NA,NA,NA,NA,NA,NA,"451","M6."
"452","0","0","4.4","4.4","1.6","3.67695526217005","2.7","0.1","5.3",NA,NA,NA,NA,NA,NA,"452","M6."
"453","0","0","18.7","0","9.6","11.879393923934","23.4","15","31.8",NA,NA,NA,NA,NA,NA,"453","M6."
"454","0","0","18.9","1.6","11.1","19.5868578388674","19.35","33.2","5.5",NA,NA,NA,NA,NA,NA,"454","M6."
"455","0.1","0","29.3","1","9","3.32340187157678","29.85","32.2","27.5",NA,NA,NA,NA,NA,NA,"455","M6."
"456","0","0","20.8","0.8","9.6","14.7078210486802","22","11.6","32.4",NA,NA,NA,NA,NA,NA,"456","M6."
"457","0","0","29.7","0","0.8","4.45477272147525","32.05","28.9","35.2",NA,NA,NA,NA,NA,NA,"457","M6."
"458","0.1","0","40","3.7","10.2","19.3889143584678","25.5","41.4","31.2","3.9",NA,NA,NA,NA,NA,"458","M7."
"459","0.2","0","8.2","2.8","2.5","2.05507501890645","8.66666666666667","6.3","9.7","10",NA,NA,NA,NA,NA,"459","M7."
"46","0","0","2.6","1.5","0.1","0.0707106781186548","2.55","2.5","2.6",NA,NA,NA,NA,NA,NA,"46","F3."
"460","0.3","0","1.8","3.9","3","3.11929479209644","2","0.3","0.1","5.6",NA,NA,NA,NA,NA,"460","M7."
"461","0.1","0","13.9","11.6","6.1","3.33066559914581","13.3666666666667","10.7","17.1","12.3",NA,NA,NA,NA,NA,"461","M7."
"462","0.1","0","10.3","5.7","5.3","6.75450466972474","7.73333333333333","9.1","0.4","13.7",NA,NA,NA,NA,NA,"462","M7."
"463","0.2","0","20.1","5.6","13.5","21.5792338449106","29.0333333333333","44.6","38.1","4.4",NA,NA,NA,NA,NA,"463","M7."
"464","0.2","0","21.6","6.4","12.8","19.0339170955429","25.4","32.2","40.1","3.9",NA,NA,NA,NA,NA,"464","M7."
"465","0.2","0","19.2","3.1","12.9","19.5152077450724","13.8666666666667","36.2","5.3","0.1",NA,NA,NA,NA,NA,"465","M7."
"466","0.1","0","4.2","7.5","3.6","4.63609030685699","3.36666666666667","1.1","0.3","8.7",NA,NA,NA,NA,NA,"466","M7."
"467","0.1","0","15.9","1.9","12.1","18.9786722401753","13.8","0.3","5.6","35.5",NA,NA,NA,NA,NA,"467","M7."
"468","0.1","0","21.3","2.5","11.9","18.7644166798047","23.2333333333333","36.7","1.8","31.2",NA,NA,NA,NA,NA,"468","M7."
"469","0","0","13.8","4.1","9.1","11.0693269894786","15.3","20.4","22.9","2.6",NA,NA,NA,NA,NA,"469","M7."
"47","0","0","5.9","1.1","1.3","0.989949493661166","5.4","6.1","4.7",NA,NA,NA,NA,NA,NA,"47","F3."
"470","0.1","0","11.9","2.3","11.9","6.01775151807827","5.83333333333333","5.3","0.1","12.1",NA,NA,NA,NA,NA,"470","M7."
"471","0","0","25.6","2.6","14.6","16.4077217593831","27.9666666666667","38.9","9.1","35.9",NA,NA,NA,NA,NA,"471","M7."
"472","0.1","0","21.8","6.4","8.3","9.90067337777251","24.6333333333333","24.5","14.8","34.6",NA,NA,NA,NA,NA,"472","M7."
"473","0","0","27","8","6.1","5.75007246331151","27.7666666666667","29","21.5","32.8",NA,NA,NA,NA,NA,"473","M7."
"474","0.1","0","20.2","5.5","7.4","9.74388697252453","22.5666666666667","13.4","32.8","21.5",NA,NA,NA,NA,NA,"474","M7."
"475","0","0","20.4","5.7","11.6","17.2791782212002","17.8","37","3.5","12.9",NA,NA,NA,NA,NA,"475","M7."
"476","0.1","0","29.1","0.9","5","3.63868107973205","31.1","33.3","26.9","33.1",NA,NA,NA,NA,NA,"476","M7."
"477","0.1","0","18.9","8.1","0.2","0.305505046330388","20.5666666666667","20.9","20.5","20.3",NA,NA,NA,NA,NA,"477","M7."
"478","0.3","0","7.4","7.2","6.8","8.30722577037605","8.2","16.7","0.1","7.8",NA,NA,NA,NA,NA,"478","M7."
"479","0","0","31.1","3.4","11.7","6.35793467513888","33.4333333333333","26.1","37.4","36.8",NA,NA,NA,NA,NA,"479","M7."
"48","0","0","24.7","0","5.3","3.25269119345812","11.2","13.5","8.9",NA,NA,NA,NA,NA,NA,"48","F3."
"480","0","0","18.8","3.3","4.9","6.13297100379036","21.3666666666667","25.3","24.5","14.3",NA,NA,NA,NA,NA,"480","M7."
"481","0.1","0","18.3","11.2","6.2","3.05122926047847","16.8","16.7","19.9","13.8",NA,NA,NA,NA,NA,"481","M7."
"482","0","0","39.2","1.4","4.8","15.2472948420367","29","38.2","37.4","11.4",NA,NA,NA,NA,NA,"482","M7."
"483","0.1","0","19","5.7","5.3","7.25970614648646","19.0333333333333","14.4","15.3","27.4",NA,NA,NA,NA,NA,"483","M7."
"484","0.1","0","12.1","5.6","9.8","10.1173118959534","10","21.6","3","5.4",NA,NA,NA,NA,NA,"484","M7."
"485","0.1","0","13.2","2.8","14","18.7320580823357","13","0.2","4.3","34.5",NA,NA,NA,NA,NA,"485","M7."
"486","0","0","12.7","1.1","3.8","3.57910603363466","10.7","9.6","7.8","14.7",NA,NA,NA,NA,NA,"486","M7."
"487","0","0","15.5","2.1","9.8","11.0816665413345","13.8666666666667","11.9","3.9","25.8",NA,NA,NA,NA,NA,"487","M7."
"488","0.1","0","19.9","2.8","13.4","19.3856476119147","24.4333333333333","2.2","33.3","37.8",NA,NA,NA,NA,NA,"488","M7."
"489","0.1","0","20.3","1.7","15.5","19.958039315858","23.2333333333333","34.1","35.4","0.2",NA,NA,NA,NA,NA,"489","M7."
"49","0","0","19.2","1.5","10.9","20.4353859762912","19.75","5.3","34.2",NA,NA,NA,NA,NA,NA,"49","F3."
"490","0","0","18.2","0.7","4.8","3.43559795862865","20.0333333333333","18.1","24","18",NA,NA,NA,NA,NA,"490","M7."
"491","0.2","0","16.1","3.1","9.4","11.0350955289627","17.0333333333333","29.7","9.5","11.9",NA,NA,NA,NA,NA,"491","M7."
"492","0.1","0","11","1.7","7.4","8.5231058501777","10.5333333333333","20.2","4.1","7.3",NA,NA,NA,NA,NA,"492","M7."
"493","0.3","0","21.5","3.9","11.4","3.95516539898565","2.33333333333333","0.1","0","6.9",NA,NA,NA,NA,NA,"493","M7."
"494","0","0","30.4","0","1","0.435889894354066","30.4","30.9","30.1","30.2",NA,NA,NA,NA,NA,"494","M7."
"495","0.1","0","14.9","2.8","8.5","14.0042850585098","14","28.2","13.6","0.2",NA,NA,NA,NA,NA,"495","M7."
"496","0","0","35.6","0.1","7.8","2.80237994093116","36.4666666666667","34.2","39.6","35.6",NA,NA,NA,NA,NA,"496","M7."
"497","0.2","0","19.4","3","13.4","20.8509791936334","12.7333333333333","1.3","36.8","0.1",NA,NA,NA,NA,NA,"497","M7."
"498","0","0","17.7","5.6","8.7","12.4861256334114","14.7666666666667","20.9","23","0.4",NA,NA,NA,NA,NA,"498","M7."
"499","0.1","0","18.1","1.8","12.2","19.3342528516965","25.1666666666667","2.9","37.7","34.9",NA,NA,NA,NA,NA,"499","M7."
"5","0","0","2.2","1.2","4.8","1.97989898732233","3","4.4","1.6",NA,NA,NA,NA,NA,NA,"5","F3."
"50","0","0","0.9","2.4","0.2","1.06066017177982","1.95","2.7","1.2",NA,NA,NA,NA,NA,NA,"50","F3."
"500","0.2","0","3.2","2.3","11.7","2.53574446662119","3.1","4.2","0.2","4.9",NA,NA,NA,NA,NA,"500","M7."
"501","0.1","0","18.5","1.2","10.4","15.7576436478724","17.1666666666667","1.7","16.6","33.2",NA,NA,NA,NA,NA,"501","M7."
"502","0.2","0","16","3.5","13.6","19.399312702602","16.0666666666667","3.4","38.4","6.4",NA,NA,NA,NA,NA,"502","M7."
"503","0.1","0","13","4.8","5","6.00027777134803","7.43333333333333","1.4","7.5","13.4",NA,NA,NA,NA,NA,"503","M7."
"504","0","0","19.3","4.2","7","10.288990880224","23.7333333333333","18.3","17.3","35.6",NA,NA,NA,NA,NA,"504","M7."
"505","0.1","0","14.9","11.7","6.6","7.40967835559232","20.7666666666667","28.9","19","14.4",NA,NA,NA,NA,NA,"505","M7."
"506","0.1","0","22.5","2.9","12.6","15.703821191035","26.8","36.8","34.9","8.7",NA,NA,NA,NA,NA,"506","M7."
"507","0.1","0","18.7","3.1","12.6","19.046346981333","22.1333333333333","31.7","34.5","0.2",NA,NA,NA,NA,NA,"507","M7."
"508","0.4","0","21.6","4.6","15","20.0280636441303","27.9666666666667","37.1","41.8","5",NA,NA,NA,NA,NA,"508","M7."
"509","0.1","0","21.3","2.1","13.7","19.3476958145753","22.4333333333333","34.1","33.1","0.1",NA,NA,NA,NA,NA,"509","M7."
"51","0","0","1.7","3","0.7","1.06066017177982","0.95","1.7","0.2",NA,NA,NA,NA,NA,NA,"51","F3."
"510","0.1","0","23.9","7.1","6.6","6.26418390534633","25.9","22.9","21.7","33.1",NA,NA,NA,NA,NA,"510","M7."
"511","0.2","0","21.2","3.4","13.5","21.2523724165876","24.7333333333333","37.5","36.5","0.2",NA,NA,NA,NA,NA,"511","M7."
"512","0.1","0","8.2","1.2","14.2","18.5372597759216","11.2","0.9","32.6","0.1",NA,NA,NA,NA,NA,"512","M7."
"513","0.1","0","12.7","2.1","10.8","15.6544988208928","15.7333333333333","1.5","32.5","13.2",NA,NA,NA,NA,NA,"513","M7."
"514","0.3","0","2.8","4","0.2","0.208166599946613","2.86666666666667","2.7","3.1","2.8",NA,NA,NA,NA,NA,"514","M7."
"515","0.1","0","1","2.5","1","0.986576572463249","1.23333333333333","1.7","1.9","0.1",NA,NA,NA,NA,NA,"515","M7."
"516","0.5","0","23.2","2.2","11.5","17.4359781295267","24.4333333333333","4.3","34.5","34.5",NA,NA,NA,NA,NA,"516","M7."
"517","0.1","0","2.9","1.5","0.2","0.264575131106459","3.1","2.9","3","3.4",NA,NA,NA,NA,NA,"517","M7."
"518","0.1","0","13.6","1.2","10.9","18.6859126973593","12.9666666666667","4.4","0.1","34.4",NA,NA,NA,NA,NA,"518","M7."
"519","0.2","0","14.8","3.2","12.8","17.8429257690548","14.4","6.7","1.7","34.8",NA,NA,NA,NA,NA,"519","M7."
"52","0","0","5.1","1.1","0.2","0.141421356237309","5","4.9","5.1",NA,NA,NA,NA,NA,NA,"52","F3."
"520","0.2","0","14","2","10.4","15.5393050037638","17.8","6.4","35.5","11.5",NA,NA,NA,NA,NA,"520","M7."
"521","0.2","0","15.2","2.3","13.4","18.1579183828984","15.2","6.2","3.3","36.1",NA,NA,NA,NA,NA,"521","M7."
"522","0.2","0","22","1.8","11.6","15.9581744987744","16.5333333333333","9.5","34.8","5.3",NA,NA,NA,NA,NA,"522","M7."
"523","0.1","0","13.3","2.2","12","17.8706463229509","14.5","8.9","34.5","0.1",NA,NA,NA,NA,NA,"523","M7."
"524","0.1","0","21.5","2.5","10.5","13.6923336214102","19.2","10.8","35","11.8",NA,NA,NA,NA,NA,"524","M7."
"525","0.1","0","18.5","1.5","13.6","16.9777305118597","14.8333333333333","11","0.1","33.4",NA,NA,NA,NA,NA,"525","M7."
"526","0.2","0","22.9","2.9","13.4","13.9371206973798","28.8666666666667","12.8","36.1","37.7",NA,NA,NA,NA,NA,"526","M7."
"527","0","0","12.6","1.5","12.7","19.958039315858","12.2666666666667","35.3","1.4","0.1",NA,NA,NA,NA,NA,"527","M7."
"528","0.1","0","18.6","1.8","13.2","16.2346337603696","24.2333333333333","34.2","5.5","33",NA,NA,NA,NA,NA,"528","M7."
"529","0.1","0","30.2","5.2","9","10.5248911316618","33.2333333333333","21.1","38.7","39.9",NA,NA,NA,NA,NA,"529","M7."
"53","0","0","14.3","0","0.8","0.282842712474618","17.3","17.1","17.5",NA,NA,NA,NA,NA,NA,"53","F3."
"530","0.1","0","9.2","6.7","5.4","5.12152321092075","10.2","4.4","14.1","12.1",NA,NA,NA,NA,NA,"530","M7."
"531","0.1","0","22.6","12","6.4","4.73743953347516","21.5333333333333","23.7","16.1","24.8",NA,NA,NA,NA,NA,"531","M7."
"532","0.2","0","18.4","3.3","12.3","20.1858861584029","25","37.2","36.1","1.7",NA,NA,NA,NA,NA,"532","M7."
"533","0.2","0","26.5","3.3","12","19.6322014387927","24.6666666666667","36.3","35.7","2",NA,NA,NA,NA,NA,"533","M7."
"534","0.1","0","22","5.1","13.5","22.2018767975442","25.8333333333333","0.2","39","38.3",NA,NA,NA,NA,NA,"534","M7."
"535","0","0","12.3","6.3","5.5","6.19784908926745","10.8333333333333","4.1","12.1","16.3",NA,NA,NA,NA,NA,"535","M7."
"536","0","0","10","10","6.7","7.10422409556455","8.5","7.1","2.2","16.2",NA,NA,NA,NA,NA,"536","M7."
"537","0.1","0","12.4","2","13.9","16.3368703653219","16.8666666666667","15.6","1.2","33.8",NA,NA,NA,NA,NA,"537","M7."
"538","0.2","0","15.7","1.9","13.6","19.7130244593095","12.4666666666667","0.1","2.1","35.2",NA,NA,NA,NA,NA,"538","M7."
"539","0.2","0","21.8","1.2","11","17.2397795809575","22.8","33.2","2.9","32.3",NA,NA,NA,NA,NA,"539","M7."
"54","0","0","7.6","0.2","2.6","0.14142135623731","11.2","11.3","11.1",NA,NA,NA,NA,NA,NA,"54","F3."
"540","0.2","0","25.2","1.5","12.4","18.9637373250458","24.2333333333333","33.7","2.4","36.6",NA,NA,NA,NA,NA,"540","M7."
"541","0.4","0","22.4","2.8","14.5","19.4631275321654","25.1666666666667","35.9","2.7","36.9",NA,NA,NA,NA,NA,"541","M7."
"542","0.1","0","24.4","1","11.3","16.3230920273499","22.8333333333333","31.6","4","32.9",NA,NA,NA,NA,NA,"542","M7."
"543","0.6","0","21.2","2.7","13.5","17.7925077865188","26.5333333333333","37.4","6","36.2",NA,NA,NA,NA,NA,"543","M7."
"544","0","0","12.6","1.2","10.6","14.3565316145649","18.1","18.6","3.5","32.2",NA,NA,NA,NA,NA,"544","M7."
"545","0.1","0","16.4","1.2","11.7","1.78978583448784","1.13333333333333","0.1","3.2","0.1",NA,NA,NA,NA,NA,"545","M7."
"546","0.1","0","21.5","1.6","13.6","18.3647306904657","12.7333333333333","0.1","4.3","33.8",NA,NA,NA,NA,NA,"546","M7."
"547","0.2","0","15.4","2.6","13.2","18.9549465839395","14.4","0.1","7.2","35.9",NA,NA,NA,NA,NA,"547","M7."
"548","0.2","0","22.9","1.4","12.3","17.502095112681","14.0666666666667","0.1","8.4","33.7",NA,NA,NA,NA,NA,"548","M7."
"549","0.3","0","26.3","1.7","12.7","16.7394743047684","14.2","0.1","9.8","32.7",NA,NA,NA,NA,NA,"549","M7."
"55","0","0","1.3","1.7","0.1","0.848528137423857","0.7","1.3","0.1",NA,NA,NA,NA,NA,NA,"55","F3."
"550","0.4","0","20.9","2.6","13.4","18.3363936839645","23.9666666666667","34.1","35","2.8",NA,NA,NA,NA,NA,"550","M7."
"551","0.1","0","17.1","2.8","10.6","13.7273449727178","22.5","8.3","35.7","23.5",NA,NA,NA,NA,NA,"551","M7."
"552","0.1","0","31.2","1.1","4.7","3.04357246231026","30.6666666666667","31.9","32.9","27.2",NA,NA,NA,NA,NA,"552","M7."
"553","0.1","0","27.5","5.4","9.5","13.5823414770797","28.9","13.3","35.3","38.1",NA,NA,NA,NA,NA,"553","M7."
"554","0.1","0","14","2.3","11.3","16.6385095486345","14.3","5.3","4.1","33.5",NA,NA,NA,NA,NA,"554","M7."
"555","0.1","0","23.5","12.2","13.9","20.9816586570271","31.6","42.7","7.4","44.7",NA,NA,NA,NA,NA,"555","M7."
"556","0.3","0","15.8","6.6","12.3","20.2389064263199","13.7333333333333","4","37","0.2",NA,NA,NA,NA,NA,"556","M7."
"557","0.2","0","24","3.1","15","21.5685728163301","26.0666666666667","1.2","37.3","39.7",NA,NA,NA,NA,NA,"557","M7."
"558","0.2","0","3.3","4.1","2.9","3.50856095856977","4","5","0.1","6.9",NA,NA,NA,NA,NA,"558","M7."
"559","0","0","16.2","5.7","9.5","17.7212678252244","19.8333333333333","0.6","23.4","35.5",NA,NA,NA,NA,NA,"559","M7."
"56","1.2","0","19.9","0","8.8",NA,"29.9","29.9",NA,NA,NA,NA,NA,NA,NA,"56","F5."
"560","0.1","0","18.4","2.5","10.3","14.5898366451902","21.2666666666667","19.4","7.7","36.7",NA,NA,NA,NA,NA,"560","M7."
"561","0.1","0","21.9","4.7","10.8","15.5199871133967","23.5","31.7","33.2","5.6",NA,NA,NA,NA,NA,"561","M7."
"562","0","0","27.3","7","4.9","6.11991285341003","30.4333333333333","26.9","37.5","26.9",NA,NA,NA,NA,NA,"562","M7."
"563","0","0","22.4","0","5.5","4.75219247646108","24.2666666666667","24.1","29.1","19.6",NA,NA,NA,NA,NA,"563","M7."
"564","0","0","32.1","4.6","9.5","9.56260076199636","30.5666666666667","21.3","30","40.4",NA,NA,NA,NA,NA,"564","M7."
"565","0.1","0","9.7","5.6","4","5.79511288357124","6.56666666666667","0.4","11.9","7.4",NA,NA,NA,NA,NA,"565","M7."
"566","0","0","20.8","1.4","12.5","17.7015065272234","24.2333333333333","3.8","34","34.9",NA,NA,NA,NA,NA,"566","M7."
"567","0","0","8.8","2.2","9.3","12.9549218446118","8.7","0.1","23.6","2.4",NA,NA,NA,NA,NA,"567","M7."
"568","0","0","18.7","0.7","0.1","11.7052694686339","22.9666666666667","13.1","35.9","19.9",NA,NA,NA,NA,NA,"568","M7."
"569","0.1","0","15.2","5.1","3.9","4.40492149003059","13.2666666666667","14.8","8.3","16.7",NA,NA,NA,NA,NA,"569","M7."
"57","0","0","1.9","2.5","7.3",NA,"0.3","0.3",NA,NA,NA,NA,NA,NA,NA,"57","F5."
"570","0.1","0","13.5","4","7.3","9.19945650568554","15.1","25.7","9.2","10.4",NA,NA,NA,NA,NA,"570","M7."
"571","0.1","0","18.8","2.9","14.2","18.6658333147313","18.2666666666667","2.8","39","13",NA,NA,NA,NA,NA,"571","M7."
"572","0","0","13.8","0.9","11.3","16.0252925090308","13.1","3.5","4.2","31.6",NA,NA,NA,NA,NA,"572","M7."
"573","0.1","0","14","1","13.3","17.7474880851723","13.3333333333333","4","33.8","2.2",NA,NA,NA,NA,NA,"573","M7."
"574","0.1","0","7.7","2.2","10.4","5.64003546088143","9.3","5.7","6.4","15.8",NA,NA,NA,NA,NA,"574","M7."
"575","0.1","0","14.4","1.7","11","19.1373979422491","12.9","3.7","34.9","0.1",NA,NA,NA,NA,NA,"575","M7."
"576","0","0","7.7","0.2","5.5","3.85529938310027","10.5333333333333","6.8","14.5","10.3",NA,NA,NA,NA,NA,"576","M7."
"577","0.1","0","25.2","11.2","5","2.20302821891444","25.4333333333333","25.3","23.3","27.7",NA,NA,NA,NA,NA,"577","M7."
"578","0","0","24.1","0.1","4.5","1.10151410945722","24.4333333333333","23.7","25.7","23.9",NA,NA,NA,NA,NA,"578","M7."
"579","0","0","36.4","0.3","1.3","13.4656352740349","28.9333333333333","37.3","13.4","36.1",NA,NA,NA,NA,NA,"579","M7."
"58","1","0","24.6","0.5","10.9",NA,"41.6","41.6",NA,NA,NA,NA,NA,NA,NA,"58","F5."
"580","0","0","14","2.9","9.3","10.625127450216","14.1333333333333","26.4","8.2","7.8",NA,NA,NA,NA,NA,"580","M7."
"581","0","0","14.2","1.9","9.8","15.8953871715455","14.9333333333333","2.7","32.9","9.2",NA,NA,NA,NA,NA,"581","M7."
"582","0.1","0","17.4","8.2","10.4","17.0391705588427","22.3666666666667","23.7","38.7","4.7",NA,NA,NA,NA,NA,"582","M7."
"583","0.1","0","19.1","15.9","5.6","5.1520222566807","21.6333333333333","21.8","16.4","26.7",NA,NA,NA,NA,NA,"583","M7."
"584","0","0","13.5","10.7","4.1","3.7","14.5","13.8","18.5","11.2",NA,NA,NA,NA,NA,"584","M7."
"585","0","0","12.3","2.5","9.2","13.0082025404486","14.5666666666667","27.3","1.3","15.1",NA,NA,NA,NA,NA,"585","M7."
"586","0.1","0","1","4.7","0.2","0.23094010767585","1.66666666666667","1.8","1.8","1.4",NA,NA,NA,NA,NA,"586","M7."
"587","0.1","0","27.6","7.4","6.6","5.65007374583141","30.0333333333333","35.2","24","30.9",NA,NA,NA,NA,NA,"587","M7."
"588","0","0","16.2","3.7","8.3","9.63604344808248","12.8666666666667","19.4","1.8","17.4",NA,NA,NA,NA,NA,"588","M7."
"589","0","0","0.6","2.8","0.2","0.288675134594813","0.733333333333333","0.9","0.9","0.4",NA,NA,NA,NA,NA,"589","M7."
"59","0","0","0.9","0.4","4.4",NA,"1.8","1.8",NA,NA,NA,NA,NA,NA,NA,"59","F5."
"590","0","0","8","3.4","7.4","8.18352002502591","7.4","4.2","1.3","16.7",NA,NA,NA,NA,NA,"590","M7."
"591","0","0","9","2.4","11.1","19.5771124871196","12.5333333333333","0.1","2.4","35.1",NA,NA,NA,NA,NA,"591","M7."
"592","0","0","9.2","1.6","11.6","17.9781348680372","11.3666666666667","0.1","1.9","32.1",NA,NA,NA,NA,NA,"592","M7."
"593","0.1","0","22.2","2.1","13.9","18.3309392376205","24.5666666666667","35.2","3.4","35.1",NA,NA,NA,NA,NA,"593","M7."
"594","0.1","0","13.7","2.3","10","6.14925469738678","12.0666666666667","15","5","16.2",NA,NA,NA,NA,NA,"594","M7."
"595","0.1","0","21.5","1.3","11.3","15.5936953071853","24.1333333333333","31.7","6.2","34.5",NA,NA,NA,NA,NA,"595","M7."
"596","0.1","0","15.6","1.7","11.3","14.2303665916705","16.6666666666667","11.3","5.9","32.8",NA,NA,NA,NA,NA,"596","M7."
"597","0.1","0","12.8","3.9","10.2","5.27351874937408","10.2","6.3","8.1","16.2",NA,NA,NA,NA,NA,"597","M7."
"598","0.1","0","20","2.8","12.4","17.3116531080464","18.2666666666667","7","9.6","38.2",NA,NA,NA,NA,NA,"598","M7."
"599","0.2","0","19.7","6.1","12.5","19.615045245933","15.6","6.6","38.1","2.1",NA,NA,NA,NA,NA,"599","M7."
"6","0","0","36.3","0.7","2.3","25.1022907321224","20.75","3","38.5",NA,NA,NA,NA,NA,NA,"6","F3."
"60","0","0","2.5","1.9","4.5",NA,"0.3","0.3",NA,NA,NA,NA,NA,NA,NA,"60","F5."
"600","0","0","12.9","1.3","10.8","15.5840730662216","15.9666666666667","14.1","32.4","1.4",NA,NA,NA,NA,NA,"600","M7."
"601","0.1","0","15.8","2.8","9.4","13.6137185711081","18.2666666666667","33.6","7.6","13.6",NA,NA,NA,NA,NA,"601","M7."
"602","0.1","0","12.3","2.5","11.8","20.524862971528","12.3","36","0.5","0.4",NA,NA,NA,NA,NA,"602","M8."
"603","0.1","0","17.3","8.3","8.2","10.8738217752545","18.5","30.5","9.3","15.7",NA,NA,NA,NA,NA,"603","M8."
"604","0","0","40.5","5.1","6.3","4.22965719651132","42.6","47.3","39.1","41.4",NA,NA,NA,NA,NA,"604","M8."
"605","0","0","17","0.4","4","0.519615242270662","22.1","22.7","21.8","21.8",NA,NA,NA,NA,NA,"605","M8."
"606","0","0","24","0.8","12.2","18.8817372082126","23","34.2","33.6","1.2",NA,NA,NA,NA,NA,"606","M8."
"607","0","0","21.2","0.2","9.1","16.6542286922371","28.6666666666667","9.7","40.9","35.4",NA,NA,NA,NA,NA,"607","M8."
"608","0.2","0","23.8","1.4","11.5","17.092200950531","23.8333333333333","33.4","34","4.1",NA,NA,NA,NA,NA,"608","M8."
"609","0","0","16.6","1.4","11.9","17.4433368367408","14.2","34","1.1","7.5",NA,NA,NA,NA,NA,"609","M8."
"61","0","0","1.9","1.7","0.2",NA,"0.4","0.4",NA,NA,NA,NA,NA,NA,NA,"61","F5."
"610","0","0","14.7","0","4.8","12.0461612142624","18.7","4.8","25.2","26.1",NA,NA,NA,NA,NA,"610","M8."
"611","0.1","0","16.2","2.6","12.6","19.038469826468","11.9333333333333","33.9","0.2","1.7",NA,NA,NA,NA,NA,"611","M8."
"612","0.1","0","15.1","8.8","9.9","17.1965112740928","23.5","34.7","32.1","3.7",NA,NA,NA,NA,NA,"612","M8."
"613","0","0","20.2","0.7","13.1","14.2955704095126","24.3666666666667","33.6","7.9","31.6",NA,NA,NA,NA,NA,"613","M8."
"614","0.1","0","17.8","2.3","12.1","17.1465254011807","15.4666666666667","35","2.9","8.5",NA,NA,NA,NA,NA,"614","M8."
"615","0.1","0","10.7","1.3","10.8","3.52183664205672","4.13333333333333","0.1","6.6","5.7",NA,NA,NA,NA,NA,"615","M8."
"616","0","0","19","4.4","8.9","12.5065316268474","21.3333333333333","33.6","21.8","8.6",NA,NA,NA,NA,NA,"616","M8."
"617","0.2","0","15.1","1.5","11.2","16.2428445784598","15.3","33.2","1.5","11.2",NA,NA,NA,NA,NA,"617","M8."
"618","0.1","0","17.6","1.8","10.9","16.5759866473563","24.2333333333333","37","30.2","5.5",NA,NA,NA,NA,NA,"618","M8."
"619","0","0","15.3","13.4","7.8","9.51016999497555","20.3333333333333","28.9","10.1","22",NA,NA,NA,NA,NA,"619","M8."
"62","0","0","1.6","0.7","0.3",NA,"1","1",NA,NA,NA,NA,NA,NA,NA,"62","F5."
"620","0.2","0","26.6","13.5","2.2","1.12398102000582","26.2333333333333","27.2","26.5","25",NA,NA,NA,NA,NA,"620","M8."
"621","0","0","20.9","3.6","9.4","13.9728307797669","22.3","32.1","6.3","28.5",NA,NA,NA,NA,NA,"621","M8."
"622","0","0","5.9","1.5","8.2","21.6724094953315","16.5666666666667","41.3","7.5","0.9",NA,NA,NA,NA,NA,"622","M8."
"623","0.1","0","20.3","2.3","13.3","19.646204043869","12.2333333333333","34.9","0.1","1.7",NA,NA,NA,NA,NA,"623","M8."
"624","0","0","14.7","5.6","7.7","14.5894939368483","15.3666666666667","31.9","4.3","9.9",NA,NA,NA,NA,NA,"624","M8."
"625","0.4","0","14.2","15.7","1.1","0.763762615825973","12.0333333333333","12.7","11.2","12.2",NA,NA,NA,NA,NA,"625","M8."
"626","0","0","28.3","8.9","8","6.23778806950028","28.6","33.2","21.5","31.1",NA,NA,NA,NA,NA,"626","M8."
"627","0.1","0","18","14.3","10.4","14.3815854480652","20.7","35.6","19.6","6.9",NA,NA,NA,NA,NA,"627","M8."
"628","0.1","0","13.7","4.8","12.8","17.8360122598448","15.8333333333333","36.2","3","8.3",NA,NA,NA,NA,NA,"628","M8."
"629","0","0","17.3","8.2","2.2","0.556776436283003","19","19.6","18.5","18.9",NA,NA,NA,NA,NA,"629","M8."
"63","0","0","1.2","1.6","6.2",NA,"1","1",NA,NA,NA,NA,NA,NA,NA,"63","F5."
"630","0","0","26.5","0","5.2","1.17898261225516","26.7","26.4","28","25.7",NA,NA,NA,NA,NA,"630","M8."
"631","0","0","13.2","2","4","24.5599267099884","31.8","20.3","15.1","60",NA,NA,NA,NA,NA,"631","M8."
"632","0","0","20.9","9.5","10.2","11.0367567699936","28.2","36.6","15.7","32.3",NA,NA,NA,NA,NA,"632","M8."
"633","0","0","5.4","0.9","5.4","3.61155552820849","4.26666666666667","6.5","6.2","0.1",NA,NA,NA,NA,NA,"633","M8."
"634","0.1","0","27","13","9.9","14.484129245488","25.9","10.6","27.7","39.4",NA,NA,NA,NA,NA,"634","M8."
"635","0","0","26.7","2.6","7.9","8.17088326518824","30.0333333333333","34.6","34.9","20.6",NA,NA,NA,NA,NA,"635","M8."
"636","0","0","28.1","0.4","6.5","3.03150127824482","29.7","26.2","31.5","31.4",NA,NA,NA,NA,NA,"636","M8."
"637","0","0","17.4","6.6","6.7","13.7249165146216","15.6666666666667","28.2","1","17.8",NA,NA,NA,NA,NA,"637","M8."
"638","0","0","32.8","0.8","1.5","0.264575131106459","33.5","33.6","33.2","33.7",NA,NA,NA,NA,NA,"638","M8."
"639","0.1","0","17.8","2","14.4","19.8948066925349","12.0333333333333","35","1","0.1",NA,NA,NA,NA,NA,"639","M8."
"64","0","0","1.7","1.7","3.1",NA,"1.4","1.4",NA,NA,NA,NA,NA,NA,NA,"64","F5."
"640","0.1","0","11.9","10","11.5","15.8244536503897","17.4333333333333","31.5","20.5","0.3",NA,NA,NA,NA,NA,"640","M8."
"641","0.1","0","22.3","9.9","9.5","12.1247680390183","24.5","38.4","19","16.1",NA,NA,NA,NA,NA,"641","M8."
"642","0.3","0","18.2","14.8","8.8","5.64121736270934","19.1666666666667","25.3","14.2","18",NA,NA,NA,NA,NA,"642","M8."
"643","0","0","11.8","4.5","10.3","18.0158263757175","15.1","4.4","5","35.9",NA,NA,NA,NA,NA,"643","M8."
"644","0","0","36.1","0.6","1.7","1.66533279957291","37.8333333333333","37.3","36.5","39.7",NA,NA,NA,NA,NA,"644","M8."
"645","0","0","22.2","1.4","9","17.8000936327125","22.4333333333333","42","7.2","18.1",NA,NA,NA,NA,NA,"645","M8."
"646","0.1","0","13.8","7.7","5.8","7.60021929508178","14.4666666666667","6","16.7","20.7",NA,NA,NA,NA,NA,"646","M8."
"647","0","0","8.3","2.1","5.8","6.52252507341546","8.76666666666667","4","6.1","16.2",NA,NA,NA,NA,NA,"647","M8."
"648","0.2","0","10.1","2.6","8.4","11.5470053837925","6.76666666666667","0.1","0.1","20.1",NA,NA,NA,NA,NA,"648","M8."
"649","0.2","0","13.6","15.1","9.1","14.12338486341","14.4","8.6","4.1","30.5",NA,NA,NA,NA,NA,"649","M8."
"65","0.1","0","2","2.9","0.1",NA,"0.2","0.2",NA,NA,NA,NA,NA,NA,NA,"65","F5."
"650","0","0","18.8","0.9","13.7","18.5717527444235","21.6","0.2","31.1","33.5",NA,NA,NA,NA,NA,"650","M8."
"651","0.1","0","6.2","1.8","13.8","18.8236553304612","13","0.1","34.6","4.3",NA,NA,NA,NA,NA,"651","M8."
"652","0.1","0","20.3","0.9","11.3","15.1856291714678","24.6333333333333","7.1","33.6","33.2",NA,NA,NA,NA,NA,"652","M8."
"653","0.1","0","7.8","1.3","2.5","3.05122926047847","7.6","10.7","4.6","7.5",NA,NA,NA,NA,NA,"653","M8."
"654","0.2","0","29.9","8.9","8.7","10.774661634285","38.2666666666667","26","42.6","46.2",NA,NA,NA,NA,NA,"654","M8."
"655","0.1","0","17.8","1.3","9.6","13.978674233751","18.5666666666667","19.6","32","4.1",NA,NA,NA,NA,NA,"655","M8."
"656","0","0","11.6","0.9","4.4","4.33474336033865","13.2","8.2","15.5","15.9",NA,NA,NA,NA,NA,"656","M8."
"657","0.1","0","10.2","9.6","3.9","3.12143129562919","7.23333333333333","3.8","9.9","8",NA,NA,NA,NA,NA,"657","M8."
"658","0.1","0","34","0.9","11.7","15.5019353630442","10.8","28.7","1.9","1.8",NA,NA,NA,NA,NA,"658","M8."
"659","0.1","0","12.6","3.2","12","17.502666463523","11.3333333333333","0.1","31.5","2.4",NA,NA,NA,NA,NA,"659","M8."
"66","0","0","1.7","2.2","5.1",NA,"1.6","1.6",NA,NA,NA,NA,NA,NA,NA,"66","F5."
"660","0.2","0","17.1","5","11.9","16.2558707343942","19.2666666666667","37.4","6","14.4",NA,NA,NA,NA,NA,"660","M8."
"661","0.1","0","16.3","3.1","12.2","20.1060521568341","13.4666666666667","3.6","0.2","36.6",NA,NA,NA,NA,NA,"661","M8."
"662","0","0","19.6","0.8","8","13.5149300158504","20.7333333333333","5.2","29.8","27.2",NA,NA,NA,NA,NA,"662","M8."
"663","0","0","6.4","7.7","8.2","6.29523629421486","5.3","3.1","12.4","0.4",NA,NA,NA,NA,NA,"663","M8."
"664","0.1","0","13.7","5.7","11.6","17.234074774508","11.3333333333333","0.4","31.2","2.4",NA,NA,NA,NA,NA,"664","M8."
"665","0","0","36.2","0.3","1.8","0.808290376865477","37.8666666666667","37","38","38.6",NA,NA,NA,NA,NA,"665","M8."
"666","0.1","0","11.4","0.8","11.8","17.1316471284384","12.6666666666667","1.6","32.4","4",NA,NA,NA,NA,NA,"666","M8."
"667","0","0","8","0.3","0.8","4.50333209967908","9.3","4.1","11.9","11.9",NA,NA,NA,NA,NA,"667","M8."
"668","0.1","0","17","11.4","1.8","1.42945210949277","18.2333333333333","17.9","19.8","17",NA,NA,NA,NA,NA,"668","M8."
"669","0.2","0","13.3","8.8","12.2","22.1880598520916","15.3","4.7","0.4","40.8",NA,NA,NA,NA,NA,"669","M8."
"67","0","0","0.7","0.7","0.1",NA,"1","1",NA,NA,NA,NA,NA,NA,NA,"67","F5."
"670","0.1","0","7","0.9","1","2.15019378971602","8.03333333333333","5.9","10.2","8",NA,NA,NA,NA,NA,"670","M8."
"671","0","0","7.6","2.7","5","11.6012930313823","14.6","5.3","27.6","10.9",NA,NA,NA,NA,NA,"671","M8."
"672","0","0","15.8","1.5","8.8","3.30605505096331","13.5","17.1","12.8","10.6",NA,NA,NA,NA,NA,"672","M8."
"673","0","0","15.4","2.4","11","16.1432132282682","16.9333333333333","5.5","35.4","9.9",NA,NA,NA,NA,NA,"673","M8."
"674","0","0","7.8","2.1","9.2","10.4136128857056","8.76666666666667","20.6","1","4.7",NA,NA,NA,NA,NA,"674","M8."
"675","0.2","0","26.5","9.1","15.3","22.1181674949199","32.0333333333333","6.5","45.3","44.3",NA,NA,NA,NA,NA,"675","M8."
"676","0","0","17.9","0.4","13.2","17.0734686965869","20.5333333333333","33.9","26.4","1.3",NA,NA,NA,NA,NA,"676","M8."
"677","0.2","0","23","1.4","13.2","18.245364708148","22.9666666666667","33.3","33.7","1.9",NA,NA,NA,NA,NA,"677","M8."
"678","0.1","0","15.1","4.3","11","13.0793730736607","12.5","5.2","27.6","4.7",NA,NA,NA,NA,NA,"678","M8."
"679","0.1","0","13.1","10.8","4.6","2.21885856541902","13.6333333333333","11.6","16","13.3",NA,NA,NA,NA,NA,"679","M8."
"68","0","0","4.4","0.5","5.3",NA,"1.8","1.8",NA,NA,NA,NA,NA,NA,NA,"68","F5."
"680","0.1","0","12.3","1.9","8.2","11.3960519479335","10.2","6","23.1","1.5",NA,NA,NA,NA,NA,"680","M8."
"681","0.1","0","16.1","3.5","12.6","14.682756326158","27.0333333333333","10.2","37.2","33.7",NA,NA,NA,NA,NA,"681","M8."
"682","0","0","3.6","7.1","2.8","1.13578166916005","4.1","4.6","2.8","4.9",NA,NA,NA,NA,NA,"682","M8."
"683","0.1","0","13.7","2.2","11.5","20.0905450398938","13.5","36.6","0.1","3.8",NA,NA,NA,NA,NA,"683","M8."
"684","0.6","0","29.4","5.9","11.6","11.3582569085225","34","41.1","40","20.9",NA,NA,NA,NA,NA,"684","M8."
"685","0","0","17.7","1.5","12.6","17.1499271135477","14.6","33.8","0.8","9.2",NA,NA,NA,NA,NA,"685","M8."
"686","0","0","1.4","1.4","0.8","0.850490054811538","0.966666666666667","1.8","0.1","1",NA,NA,NA,NA,NA,"686","M8."
"687","0.1","0","18.8","0.7","13","16.6049189499176","22.2666666666667","31.4","3.1","32.3",NA,NA,NA,NA,NA,"687","M8."
"688","0.1","0","16","2.2","12.5","18.5726501429746","14.9666666666667","36.3","2.4","6.2",NA,NA,NA,NA,NA,"688","M8."
"689","0.1","0","18.7","1.2","11.1","20.4108631207339","12.1333333333333","0.1","0.6","35.7",NA,NA,NA,NA,NA,"689","M8."
"69","0","0","2.4","1.2","3.8",NA,"1.7","1.7",NA,NA,NA,NA,NA,NA,NA,"69","F5."
"690","0.2","0","19.9","10.4","11.5","15.3023963265017","26.3666666666667","8.8","36.8","33.5",NA,NA,NA,NA,NA,"690","M8."
"691","0.1","0","23.7","2.1","11.9","17.2974950016855","24.5666666666667","35","4.6","34.1",NA,NA,NA,NA,NA,"691","M8."
"692","0.1","0","8.7","2.7","4.9","4.07308237088326","7.4","3.6","11.7","6.9",NA,NA,NA,NA,NA,"692","M8."
"693","0.1","0","17.5","3.6","12.3","17.8966477307903","15.2","1.7","8.4","35.5",NA,NA,NA,NA,NA,"693","M8."
"694","0","0","13.3","0.6","6.8","5.41971708978738","8.03333333333333","2.9","13.7","7.5",NA,NA,NA,NA,NA,"694","M8."
"695","0.1","0","33.1","1.9","5.9","4.20990894596704","32.1333333333333","35","27.3","34.1",NA,NA,NA,NA,NA,"695","M8."
"696","0.2","0","20.9","0.8","8.7","11.9068607673615","23.2666666666667","9.6","31.4","28.8",NA,NA,NA,NA,NA,"696","M8."
"697","0","0","18.7","0.2","0.9","9.94702635632043","34.8333333333333","41.5","23.4","39.6",NA,NA,NA,NA,NA,"697","M8."
"698","0","0","18.3","3.4","9.6","14.422205101856","17","33","5","13",NA,NA,NA,NA,NA,"698","M8."
"699","0.1","0","13","1.9","9.5","5.21759842584051","4.76666666666667","10.4","3.8","0.1",NA,NA,NA,NA,NA,"699","M8."
"7","0","0","10.9","0.5","2.8","0.777817459305202","11.95","11.4","12.5",NA,NA,NA,NA,NA,NA,"7","F3."
"70","0","0","2.3","2.2","6.1",NA,"1.2","1.2",NA,NA,NA,NA,NA,NA,NA,"70","F5."
"700","0","0","25.3","3.7","10.4","17.0326157709261","14.3","33.3","0.4","9.2",NA,NA,NA,NA,NA,"700","M8."
"701","0.1","0","8.2","4.6","4.1","2.50599281722833","8.1","5.5","8.3","10.5",NA,NA,NA,NA,NA,"701","M8."
"702","0","0","21.6","0.6","11.8","18.1428590176227","25.4666666666667","39.9","31.4","5.1",NA,NA,NA,NA,NA,"702","M8."
"703","0.1","0","23.1","0.9","13.9","18.7638837486628","22.4666666666667","33.3","33.3","0.8",NA,NA,NA,NA,NA,"703","M8."
"704","0.1","0","4.9","3.1","10.2","4.32935715012441","5.03333333333333","0.1","6.8","8.2",NA,NA,NA,NA,NA,"704","M8."
"705","0","0","9.2","1.7","8.3","10.2006535738321","10.2333333333333","20.5","0.1","10.1",NA,NA,NA,NA,NA,"705","M8."
"706","0.1","0","15.7","3.7","4.3","3.35608899365516","14.4666666666667","11","17.7","14.7",NA,NA,NA,NA,NA,"706","M8."
"707","0.1","0","24.8","8.9","13.6","20.3447781998232","29.6","6.2","43.1","39.5",NA,NA,NA,NA,NA,"707","M8."
"708","0.1","0","12.5","12.1","7.4","9.51437508895531","12.1333333333333","10.1","22.5","3.8",NA,NA,NA,NA,NA,"708","M8."
"709","0.1","0","30.6","0.9","8.7","15.9694500009654","22.4333333333333","34.4","4.3","28.6",NA,NA,NA,NA,NA,"709","M8."
"71","0","0","3.9","0.6","4.1",NA,"2.7","2.7",NA,NA,NA,NA,NA,NA,NA,"71","F5."
"710","0.1","0","12","9.7","6.2","8.08537774833887","13.2333333333333","18.1","3.9","17.7",NA,NA,NA,NA,NA,"710","M8."
"711","0.1","0","4","4.3","4.8","4.40605643782888","4.46666666666667","0.2","4.2","9",NA,NA,NA,NA,NA,"711","M8."
"712","0.1","0","23.1","13.4","11.4","15.5731606725588","24.8666666666667","8","27.9","38.7",NA,NA,NA,NA,NA,"712","M8."
"713","0","0","19.1","0.8","10.8","14.6660605935382","23.8666666666667","7.2","29.6","34.8",NA,NA,NA,NA,NA,"713","M8."
"714","0.1","0","18","2.3","13","12.2915960449949","19.7666666666667","32.6","18.6","8.1",NA,NA,NA,NA,NA,"714","M8."
"715","0","0","4.5","0.8","11.3","15.5949778240732","20.3333333333333","24.1","3.2","33.7",NA,NA,NA,NA,NA,"715","M8."
"716","0","0","9.2","0.2","1.3","15.7424055764465","14.8333333333333","33","6.3","5.2",NA,NA,NA,NA,NA,"716","M8."
"717","0","0","39.4","0.2","0.5","1.90787840283389","37.6","38.6","38.8","35.4",NA,NA,NA,NA,NA,"717","M8."
"718","0","0","11.8","0.9","11.2","17.8169395052386","11.8333333333333","32.4","1.1","2",NA,NA,NA,NA,NA,"718","M8."
"719","0.1","0","8.4","12","3.6","2.05993527406405","8.76666666666667","6.6","10.7","9",NA,NA,NA,NA,NA,"719","M8."
"72","0.1","0","30.6","0","0.5",NA,"31.5","31.5",NA,NA,NA,NA,NA,NA,NA,"72","F5."
"720","0","0","3.9","0.8","2.3","1.85022521151706","3.33333333333333","1.5","5.2","3.3",NA,NA,NA,NA,NA,"720","M8."
"721","0","0","14.3","9","11","14.6582172631372","16.0666666666667","32.3","3.8","12.1",NA,NA,NA,NA,NA,"721","M8."
"722","0.1","0","16.6","8.3","13.1","24.4111313407088","17.2333333333333","6.3","45.2","0.2",NA,NA,NA,NA,NA,"722","M8."
"723","0.1","0","3.9","3","2.1","3.22541986930901","3.53333333333333","0.1","4","6.5",NA,NA,NA,NA,NA,"723","M8."
"724","0","0","18.3","1","10.7","15.1799209484108","17","32.7","2.4","15.9",NA,NA,NA,NA,NA,"724","M8."
"725","0.2","0","17.2","16.6","9.5","11.1584049039278","17.7","6.3","18.2","28.6",NA,NA,NA,NA,NA,"725","M8."
"726","0","0","3.7","1.4","5.5","5.57494394590654","4.7","3.1","0.1","10.9",NA,NA,NA,NA,NA,"726","M8."
"727","0.1","0","19.3","0.8","11.6","17.8374138633753","11.6666666666667","32.2","2.8","0",NA,NA,NA,NA,NA,"727","M8."
"728","0.1","0","16.6","13.4","7.1","5.48117992163488","18.1333333333333","11.9","20.3","22.2",NA,NA,NA,NA,NA,"728","M8."
"729","0","0","19.3","2","1.4","18.4447824600888","23","38.5","27.9","2.6",NA,NA,NA,NA,NA,"729","M8."
"73","0","0","13.1","0.1","12.5",NA,"40.4","40.4",NA,NA,NA,NA,NA,NA,NA,"73","F5."
"730","0.1","0","16.2","9.7","2.9","1.78978583448784","17.1666666666667","18.2","15.1","18.2",NA,NA,NA,NA,NA,"730","M8."
"731","0","0","35.1","0.1","1.9","1.44683562761405","36.7666666666667","35.1","37.5","37.7",NA,NA,NA,NA,NA,"731","M8."
"732","0","0","27.2","0.5","5.9","6.10109279828895","33.9333333333333","37.8","26.9","37.1",NA,NA,NA,NA,NA,"732","M8."
"733","0.1","0","17.2","4.2","12.6","18.2467348677327","15.6666666666667","1","36.1","9.9",NA,NA,NA,NA,NA,"733","M8."
"734","0.1","0","21.1","2.6","11.9","17.8496498565098","20.8","34.8","26.9","0.7",NA,NA,NA,NA,NA,"734","M8."
"735","0.1","0","17.6","2.2","12.4","20.0442011564442","24.4","37.2","34.7","1.3",NA,NA,NA,NA,NA,"735","M8."
"736","0.2","0","18","11.2","10.8","9.60277737601645","22.7333333333333","32.2","23","13",NA,NA,NA,NA,NA,"736","M8."
"737","0.3","0","42.7","5.7","7.7","3.1374086972107","43.0666666666667","44.3","39.5","45.4",NA,NA,NA,NA,NA,"737","M8."
"738","0.1","0","37.2","5.8","4.2","14.3270141108793","36.6666666666667","53.2","28.9","27.9",NA,NA,NA,NA,NA,"738","M8."
"739","0","0","27.8","0","4.4","3.42685472895093","29.1666666666667","30","32.1","25.4",NA,NA,NA,NA,NA,"739","M8."
"74","0","0","32.8","1","9.9",NA,"40.1","40.1",NA,NA,NA,NA,NA,NA,NA,"74","F5."
"740","0.1","0","19.2","9.1","12.9","23.9061358929739","27.8666666666667","0.3","42.9","40.4",NA,NA,NA,NA,NA,"740","M8."
"741","0.3","0","22.1","12.7","13.4","24.3353652119708","30.9","2.8","44.9","45",NA,NA,NA,NA,NA,"741","M8."
"742","0.1","0","17.2","12.5","4.7","0.854400374531754","19.3","20.1","19.4","18.4",NA,NA,NA,NA,NA,"742","M8."
"743","0.1","0","23.4","9.1","13.1","21.2321297408746","30.7333333333333","6.3","41.2","44.7",NA,NA,NA,NA,NA,"743","M8."
"744","0.1","0","23.7","0.9","9","7.72614608542534","16.1666666666667","23.5","16.9","8.1",NA,NA,NA,NA,NA,"744","M8."
"745","0.1","0","12.6","4.2","10.9","15.3835409881254","11.6333333333333","0.1","29.1","5.7",NA,NA,NA,NA,NA,"745","M8."
"746","0.1","0","11.6","10.1","9.5","10.6589555460811","13.9333333333333","26","5.8","10",NA,NA,NA,NA,NA,"746","M8."
"747","0","0","23.4","0.3","6.7","4.67047463683653","20.7333333333333","25.8","16.6","19.8",NA,NA,NA,NA,NA,"747","M8."
"748","0","0","22.1","0.6","11.5","14.8280140275089","23.9","33.2","6.8","31.7",NA,NA,NA,NA,NA,"748","M8."
"749","0","0","17.2","1.1","11.6","17.9789691955166","12.8333333333333","0.1","5","33.4",NA,NA,NA,NA,NA,"749","M8."
"75","0","0","0.2","1.7","11",NA,"43.9","43.9",NA,NA,NA,NA,NA,NA,NA,"75","F5."
"750","0","0","3.2","0","1.4","0.416333199893227","1.33333333333333","1","1.8","1.2",NA,NA,NA,NA,NA,"750","M8."
"751","0.1","0","19.3","1","14.8","19.8273380294313","22.9333333333333","35.8","32.9","0.1",NA,NA,NA,NA,NA,"751","M8."
"752","0.2","0","17","1.3","13.7","18.7744507243221","24.3","33.5","36.7","2.7",NA,NA,NA,NA,NA,"752","M8."
"753","0.1","0","16.1","1","11.2","15.6020297824781","13.7333333333333","5.9","31.7","3.6",NA,NA,NA,NA,NA,"753","M8."
"754","0","0","24.8","0.5","9.5","7.86786714004077","27.2666666666667","32.3","31.3","18.2",NA,NA,NA,NA,NA,"754","M8."
"755","0.1","0","0.2","5.5","0.3","0.404145188432738","0.733333333333333","0.3","0.8","1.1",NA,NA,NA,NA,NA,"755","M8."
"756","0.1","0","13.2","6.3","11.8","20.108290164341","14.0333333333333","4.8","37.1","0.2",NA,NA,NA,NA,NA,"756","M8."
"757","0","0","17.9","0.2","1.2","17.9424078651668","22.7","32.3","33.8","2",NA,NA,NA,NA,NA,"757","M8."
"758","0.1","0","11.7","12.8","7","4.44409720865779","11.4","9.9","7.9","16.4",NA,NA,NA,NA,NA,"758","M8."
"759","0.2","0","11.1","17.4","9.5","14.0300867186676","15.1333333333333","31.2","8.9","5.3",NA,NA,NA,NA,NA,"759","M8."
"76","0","0","29.6","0.1","10.2",NA,"37.6","37.6",NA,NA,NA,NA,NA,NA,NA,"76","F5."
"760","0","0","18.4","3.3","9.8","10.3203682104855","7","0.5","18.9","1.6",NA,NA,NA,NA,NA,"760","M8."
"761","0","0","11.8","6.8","7.8","4.14769012021551","8.66666666666667","9.7","12.2","4.1",NA,NA,NA,NA,NA,"761","M8."
"762","0","0","34.6","0","2.1","6.89951689129995","28.6666666666667","32.7","20.7","32.6",NA,NA,NA,NA,NA,"762","M8."
"763","0","0","0","0.5","5.6","10.9810442733528","7.03333333333333","0.2","19.7","1.2",NA,NA,NA,NA,NA,"763","M8."
"764","0.1","0","16.4","11.6","11.6","20.1500206782359","18.2666666666667","9.6","41.3","3.9",NA,NA,NA,NA,NA,"764","M8."
"765","0.1","0","14.7","14.4","10.2","8.18189057207033","15.0333333333333","12.8","8.2","24.1",NA,NA,NA,NA,NA,"765","M8."
"766","0.1","0","14.6","10","6.7","6.10928255471404","14.2333333333333","12.2","21.1","9.4",NA,NA,NA,NA,NA,"766","M8."
"767","0","0","40.1","0.7","3.6","1.9731531449265","38.9666666666667","36.7","39.9","40.3",NA,NA,NA,NA,NA,"767","M8."
"768","0.1","0","19.6","3.2","11.9","19.7393853332198","24.9666666666667","37.3","2.2","35.4",NA,NA,NA,NA,NA,"768","M8."
"769","0.1","0","17.2","12.5","8.9","9.3607335894861","23.4333333333333","30.8","12.9","26.6",NA,NA,NA,NA,NA,"769","M8."
"77","0","0","29.3","0.3","9.1",NA,"41.6","41.6",NA,NA,NA,NA,NA,NA,NA,"77","F5."
"770","0","0","16.3","9.1","3.4","2.02237484161567","17.7","16.9","16.2","20",NA,NA,NA,NA,NA,"770","M8."
"771","0","0","32.6","0.1","1.9","20.4196800497298","25.1666666666667","37.6","1.6","36.3",NA,NA,NA,NA,NA,"771","M8."
"772","0.1","0","16.7","3.8","11.2","19.0424088112122","13.0333333333333","34.9","4.1","0.1",NA,NA,NA,NA,NA,"772","M8."
"773","0.2","0","13.7","1.5","11.4","16.1716830705197","15.9333333333333","34.4","4.3","9.1",NA,NA,NA,NA,NA,"773","M8."
"774","0","0","28.3","0.1","2.8","3.80832421588989","27.0666666666667","31.2","26.3","23.7",NA,NA,NA,NA,NA,"774","M8."
"775","0","0","35.3","0.1","1.3","0.907377172587747","35.0333333333333","35.7","35.4","34",NA,NA,NA,NA,NA,"775","M8."
"776","0.8","0","36.4","3.6","5.5","2.1548395145192","39.3333333333333","41.4","37.1","39.5",NA,NA,NA,NA,NA,"776","M8."
"777","0.1","0","17.8","7.8","9.8","13.7485756838057","18.7666666666667","29.6","23.4","3.3",NA,NA,NA,NA,NA,"777","M8."
"778","0","0","17.6","1.2","11.4","14.1714501727946","22","33.3","26.6","6.1",NA,NA,NA,NA,NA,"778","M8."
"779","0.1","0","27.6","1.5","9","17.1465254011807","23.5666666666667","38.2","27.8","4.7",NA,NA,NA,NA,NA,"779","M8."
"78","0","0","17.5","1.8","9.6",NA,"38.1","38.1",NA,NA,NA,NA,NA,NA,NA,"78","F5."
"780","0.2","0","16.8","4.9","11.5","16.6533279957291","17.8333333333333","36.5","4.5","12.5",NA,NA,NA,NA,NA,"780","M8."
"781","0.1","0","30","9.2","13.5","22.4121246947569","31.4666666666667","5.6","45.1","43.7",NA,NA,NA,NA,NA,"781","M8."
"782","0.1","0","7.8","2.2","2.1","2.95127091267474","8.9","12.3","7","7.4",NA,NA,NA,NA,NA,"782","M8."
"783","0.1","0","34","7.9","9.2","8.25045453293332","37","45.3","36.9","28.8",NA,NA,NA,NA,NA,"783","M8."
"784","0","0","7.4","1.4","4.8","5.06491197685935","5.56666666666667","0.1","10.1","6.5",NA,NA,NA,NA,NA,"784","M8."
"785","0.2","0","22.6","2.7","12.1","21.3462721179445","24.7333333333333","0.1","37.8","36.3",NA,NA,NA,NA,NA,"785","M8."
"786","0.1","0","3.2","1.4","1.5","0.781024967590665","3.1","3.5","3.6","2.2",NA,NA,NA,NA,NA,"786","M8."
"787","0","0","5.6","6.8","2.6","6.01442709934482","10.3666666666667","12.9","3.5","14.7",NA,NA,NA,NA,NA,"787","M8."
"788","0.1","0","26.2","10.8","11.3","17.4712144206788","33.7666666666667","13.7","42","45.6",NA,NA,NA,NA,NA,"788","M8."
"789","0.1","0","10.3","6.7","8.6","8.02142963151416","9.03333333333333","7.8","17.6","1.7",NA,NA,NA,NA,NA,"789","M8."
"79","0.8","0","27.6","0","0.8",NA,"29.4","29.4",NA,NA,NA,NA,NA,NA,NA,"79","F5."
"790","0","0","20.5","4.5","9.3","7.65593451730965","20.7666666666667","13.7","19.7","28.9",NA,NA,NA,NA,NA,"790","M8."
"791","0","0","20.4","1.1","8.7","12.7790192633603","21.9333333333333","25","7.9","32.9",NA,NA,NA,NA,NA,"791","M8."
"792","0","0","10.8","0","5.7","12.916784945695","22.5666666666667","16.5","13.8","37.4",NA,NA,NA,NA,NA,"792","M8."
"793","0","0","1.4","1.8","1","1.80092568789868","1.53333333333333","0.7","0.3","3.6",NA,NA,NA,NA,NA,"793","M8."
"794","0","0","14.5","12.4","10.4","16.408229642469","13.6","8.7","0.2","31.9",NA,NA,NA,NA,NA,"794","M8."
"795","0.1","0","23.9","11.8","6.1","5.20032050294339","23.7666666666667","28.5","18.2","24.6",NA,NA,NA,NA,NA,"795","M8."
"796","0.1","0","15.4","7.7","12.8","17.5579042029509","19.8","8.2","11.2","40",NA,NA,NA,NA,NA,"796","M8."
"797","0.1","0","17.3","11.8","7.4","6.18789140176199","17.4","10.6","18.9","22.7",NA,NA,NA,NA,NA,"797","M8."
"798","0","0","11","2","7","9.282779756086","9.3","8.4","19","0.5",NA,NA,NA,NA,NA,"798","M8."
"799","0","0","17.4","0.9","9.5","13.779090439261","22.9333333333333","34","27.3","7.5",NA,NA,NA,NA,NA,"799","M8."
"8","0","0","35","0","4.8","2.9698484809835","35.6","37.7","33.5",NA,NA,NA,NA,NA,NA,"8","F3."
"80","0","0","0.6","1.7","0.1",NA,"0.4","0.4",NA,NA,NA,NA,NA,NA,NA,"80","F5."
"800","0.1","0","13.9","2.8","13.1","19.865296373324","12.8","0.2","35.7","2.5",NA,NA,NA,NA,NA,"800","M8."
"801","0","0","10.5","2.9","10.1","2.70739727413618","12.7","13.9","14.6","9.6",NA,NA,NA,NA,NA,"801","M8."
"802","0.1","0","18.7","1.2","12.9","18.1593869206351","22.9666666666667","33.2","33.7","2",NA,NA,NA,NA,NA,"802","M8."
"803","0.2","0","33","0.4","3","18.0779792381044","23.8666666666667","33.8","3","34.8",NA,NA,NA,NA,NA,"803","M8."
"804","0.1","0","18.6","3.1","13.4","20.6887247875101","12.9333333333333","0.1","36.8","1.9",NA,NA,NA,NA,NA,"804","M8."
"805","0.2","0","20.3","4.6","11.9","17.9070749519103","23.0666666666667","35.2","31.5","2.5",NA,NA,NA,NA,NA,"805","M8."
"806","0","0","4.2","1.1","0.9","2.36713610367747","2.73333333333333","0","4.1","4.1",NA,NA,NA,NA,NA,"806","M8."
"807","0.3","0","26.3","11.9","15.1","19.8849189085598","28.3","5.4","38.3","41.2",NA,NA,NA,NA,NA,"807","M8."
"808","0.6","0","38.7","5.3","10.1","4.99733262184271","42.0666666666667","46.4","36.6","43.2",NA,NA,NA,NA,NA,"808","M8."
"809","0","0","3.4","4.1","0.3","0.173205080756888","3.4","3.2","3.5","3.5",NA,NA,NA,NA,NA,"809","M8."
"81","0","0","1.7","2.4","4.4",NA,"0.5","0.5",NA,NA,NA,NA,NA,NA,NA,"81","F5."
"810","0","0","18.8","4.5","12.3","16.5403546918841","25.7666666666667","38.6","7.1","31.6",NA,NA,NA,NA,NA,"810","M8."
"811","0.1","0","28.7","8","1.4","1.0785793124909","28.1666666666667","29.4","27.4","27.7",NA,NA,NA,NA,NA,"811","M8."
"812","0.1","0","17.1","10.4","4.6","6.14356031412839","16.1333333333333","9.2","20.9","18.3",NA,NA,NA,NA,NA,"812","M8."
"813","0.1","0","17.7","8.3","4.1","11.4146105204397","23.4333333333333","34.5","11.7","24.1",NA,NA,NA,NA,NA,"813","M8."
"814","0.1","0","11.9","2.8","14.4","19.9805738989983","12.7666666666667","35.8","0.1","2.4",NA,NA,NA,NA,NA,"814","M8."
"815","0","0","16.3","2","11.6","17.5376737339933","13.4","0.2","33.3","6.7",NA,NA,NA,NA,NA,"815","M8."
"816","0.1","0","15.7","5.8","10.7","14.0919598826186","16.3666666666667","32.2","5.2","11.7",NA,NA,NA,NA,NA,"816","M8."
"817","0.1","0","20","0","7.7","9.28726726940349","27.9333333333333","18","36.4","29.4",NA,NA,NA,NA,NA,"817","M8."
"818","0.1","0","15.6","8.5","11.1","21.6120336849636","25.6","1.8","31","44",NA,NA,NA,NA,NA,"818","M8."
"819","0","0","17","1.3","13.1","17.5249346170915","23.2666666666667","31.9","34.8","3.1",NA,NA,NA,NA,NA,"819","M8."
"82","0","0","30.2","1.6","11.1",NA,"0.2","0.2",NA,NA,NA,NA,NA,NA,NA,"82","F6."
"820","0.1","0","10.9","4.4","5.5","8.01810451416044","10.5","5","19.7","6.8",NA,NA,NA,NA,NA,"820","M8."
"821","0","0","0.8","1.3","0.7","0.55075705472861","0.466666666666667","0.2","0.1","1.1",NA,NA,NA,NA,NA,"821","M8."
"822","0.1","0","4.2","2","2.6","1.47309198626562","3.9","4.7","4.8","2.2",NA,NA,NA,NA,NA,"822","M8."
"823","0.1","0","16.7","2","10.5","17.5667299176597","23.2","34.9","31.7","3",NA,NA,NA,NA,NA,"823","M8."
"824","0.1","0","26.4","10.5","10.4","14.7309198626562","30.2","43.2","33.2","14.2",NA,NA,NA,NA,NA,"824","M8."
"825","0","0","12.9","2.6","4.1","2.70616579930597","9.06666666666667","6.9","8.2","12.1",NA,NA,NA,NA,NA,"825","M8."
"826","0.2","0","22.8","9.6","13.1","22.2737513679218","28.4","3","44.6","37.6",NA,NA,NA,NA,NA,"826","M8."
"827","0","0","3.6","2","3.1","3.15013227235514","3.23333333333333","3.2","0.1","6.4",NA,NA,NA,NA,NA,"827","M8."
"828","0.2","0","26.1","11.5","14.1","24.5829886981492","34.1666666666667","6","45.2","51.3",NA,NA,NA,NA,NA,"828","M8."
"829","0","0","4.8","1","0.2","0.244948974278318","4.7","5","4.8","4.5","4.5",NA,NA,NA,NA,"829","M10"
"83","0","0","8.5","3","5.1",NA,"0.2","0.2",NA,NA,NA,NA,NA,NA,NA,"83","F6."
"830","0","0","3.7","1.3","12.5","3.85097390279394","3.65","1.3","9.4","2.2","1.7",NA,NA,NA,NA,"830","M10"
"831","0","0","1.4","2.7","0.7","0","0.1","0.1","0.1","0.1","0.1",NA,NA,NA,NA,"831","M10"
"832","0","0","6.6","1.3","0.1","0.0500000000000003","6.675","6.7","6.6","6.7","6.7",NA,NA,NA,NA,"832","M10"
"833","0","0","4.1","2.6","2.3","2.41022128997872","3.475","0.6","6.4","2.9","4",NA,NA,NA,NA,"833","M10"
"834","0.1","0","3.5","2.7","0.9","1.66733320005331","2.6","3.5","3.4","3.4","0.1",NA,NA,NA,NA,"834","M10"
"835","0","0","1.8","2.4","1.2","1.19547758936195","1.525","0.1","2.7","1","2.3",NA,NA,NA,NA,"835","M10"
"836","0","0","4.5","0.7","3.4","2.53558014400387","4.425","2.9","3","8.2","3.6",NA,NA,NA,NA,"836","M10"
"837","0","0","1.9","0.9","0.1","0.23629078131263","2.175","2","2.2","2.5","2",NA,NA,NA,NA,"837","M10"
"838","0.1","0","6.1","4.2","4","3.85962001583921","3.85","0.5","8.2","6","0.7",NA,NA,NA,NA,"838","M10"
"839","0","0","19.3","0.8","13.5","13.1841761213964","21.375","33.5","12.5","7.7","31.8",NA,NA,NA,NA,"839","M10"
"84","0.2","0","1.5","7.3","4.1",NA,"3.4","3.4",NA,NA,NA,NA,NA,NA,NA,"84","F6."
"840","0.1","0","2.4","1.6","2.8","3.0510927004381","1.725","0.1","0.2","6.3","0.3",NA,NA,NA,NA,"840","M10"
"841","0","0","3.8","1.7","1.9","1.53487241597904","4.125","5.2","4","5.3","2",NA,NA,NA,NA,"841","M10"
"842","0.1","0","2.6","2.1","2.1","1.99081222955188","2.55","0.2","4.3","1.6","4.1",NA,NA,NA,NA,"842","M10"
"843","0","0","2","2","1","1.15289490703475","1.925","0.4","3","2.6","1.7",NA,NA,NA,NA,"843","M10"
"844","0.3","0","16.7","15","0.7","0.607590871118606","16.125","15.9","16.8","15.4","16.4",NA,NA,NA,NA,"844","M10"
"845","0.1","0","2","2.1","1.8","1.81567251085284","1.95","0.5","1.5","4.6","1.2",NA,NA,NA,NA,"845","M10"
"846","0","0","1.4","2.4","0.8","0.732006375199925","1.775","1.2","1.8","2.8","1.3",NA,NA,NA,NA,"846","M10"
"847","0","0","1.8","1.6","1.4","1.15902257671425","2.15","2.1","1.9","3.7","0.9",NA,NA,NA,NA,"847","M10"
"848","0.1","0","1.2","2","0.5","0.64485140407177","0.975","0.8","1.9","0.8","0.4",NA,NA,NA,NA,"848","M10"
"849","0.1","0","3.9","2.6","1.8","1.3832329280831","3.3","2.3","4","4.9","2",NA,NA,NA,NA,"849","M10"
"85","0","0","21.3","0.6","8.8",NA,"25.1","25.1",NA,NA,NA,NA,NA,NA,NA,"85","F6."
"850","0","0","2.1","2.2","11.7","1.90525588832577","1.65","2.4","4","0.1","0.1",NA,NA,NA,NA,"850","M10"
"851","0.1","0","2.8","2.5","1.2","1.05","3.075","3.6","4","3.1","1.6",NA,NA,NA,NA,"851","M10"
"852","0.1","0","4","2.8","11.4","1.76635217326557","4.3","3.7","6.5","4.7","2.3",NA,NA,NA,NA,"852","M10"
"853","0.1","0","3","3.5","1","0.813941029804985","2.725","2","2.9","3.8","2.2",NA,NA,NA,NA,"853","M10"
"854","0","0","5.7","1","3.3","3.24807635378234","6.55","5.7","11.1","6","3.4",NA,NA,NA,NA,"854","M10"
"855","0","0","4.2","1.1","1.9","3.01592992845214","4.175","7.2","0.1","4","5.4",NA,NA,NA,NA,"855","M10"
"856","0.1","0","2.6","2.9","2.2","1.15758369027902","3","2.5","4.6","3","1.9",NA,NA,NA,NA,"856","M10"
"857","0.1","0","3.5","4.7","2.3","3.06213433191078","3.35","3.6","7.4","2.3","0.1",NA,NA,NA,NA,"857","M10"
"858","0","0","6.6","1","2.6","2.60576284415908","7.55","9.2","10.3","4.9","5.8",NA,NA,NA,NA,"858","M10"
"859","0.1","0","17.3","10","1.1","2.94505234814822","17.2","20.1","17.6","18","13.1",NA,NA,NA,NA,"859","M10"
"86","0","0","28.7","1.5","9.4",NA,"40.4","40.4",NA,NA,NA,NA,NA,NA,NA,"86","F6."
"860","0.1","0","1.9","2.5","1.3","0.518812747209113","0.825","0.6","0.2","1.2","1.3",NA,NA,NA,NA,"860","M10"
"861","0","0","6.9","1.1","4.7","4.7","4.75","1.5","9.9","7.5","0.1",NA,NA,NA,NA,"861","M10"
"862","0.1","0","24.8","2.9","12.2","18.438614373103","18.775","33.6","0.7","5.1","35.7",NA,NA,NA,NA,"862","M10"
"863","0.1","0","11.5","0.8","11.2","1.69016764454496","2.45","0.1","2.6","3","4.1",NA,NA,NA,NA,"863","M10"
"864","0","0","4.6","1.5","3.6","3.99781190152813","3.875","9.4","1.9","4","0.2",NA,NA,NA,NA,"864","M10"
"865","0.2","0","23.8","1.9","15.5","20.3186285626434","21","34.2","3.7","3.6","42.5",NA,NA,NA,NA,"865","M10"
"866","0","0","2","1","1.4","0.946484724300046","2.175","2.2","3.5","1.6","1.4",NA,NA,NA,NA,"866","M10"
"867","0.1","0","0.7","2.9","0.2","0.238047614284762","0.75","0.6","1.1","0.6","0.7",NA,NA,NA,NA,"867","M10"
"868","0.1","0","3","2.7","2","2.04205778566621","2.65","0.1","2.7","5.1","2.7",NA,NA,NA,NA,"868","M10"
"869","0","0","3.1","1.3","2.4","2.15464614264152","2.975","2.5","5.2","4","0.2",NA,NA,NA,NA,"869","M10"
"87","0","0","10.7","2.3","0.4",NA,"10.6","10.6",NA,NA,NA,NA,NA,NA,NA,"87","F6."
"870","0.1","0","3.9","2.8","1.8","2.41160389229519","3.525","0.1","4.7","5.6","3.7",NA,NA,NA,NA,"870","M10"
"871","0.1","0","3.8","1.8","1.4","2.06458228220626","2.925","0.2","3.9","5","2.6",NA,NA,NA,NA,"871","M10"
"872","0","0","4.1","2","1.3","1.59478316185409","3.75","1.7","5.5","4.3","3.5",NA,NA,NA,NA,"872","M10"
"873","0.1","0","3.3","1.1","3.4","2.94957624075052","3.2","0.1","7","1.9","3.8",NA,NA,NA,NA,"873","M10"
"874","0","0","5","0.8","1.4","3.04343555870664","4.275","0","6.6","6.3","4.2",NA,NA,NA,NA,"874","M10"
"875","0","0","16","1","12.6","14.5377669078393","11.6","0.1","6.9","6.5","32.9",NA,NA,NA,NA,"875","M10"
"876","0","0","24.5","0.8","13","14.4039346476348","22.1","32.2","10.8","8.7","36.7",NA,NA,NA,NA,"876","M10"
"877","0.1","0","29.1","1.1","12.7","15.0988962068976","21.65","32.6","10.3","7.1","36.6",NA,NA,NA,NA,"877","M10"
"878","0","0","28.3","1.1","9.9","11.6268367724559","28.05","35.5","10.7","32.9","33.1",NA,NA,NA,NA,"878","M10"
"879","0.1","0","5.5","2.6","4.2","4.46952644769741","3.95","0.1","10.4","2.9","2.4",NA,NA,NA,NA,"879","M10"
"88","0.4","0","0.6","2.7","4.9",NA,"0.1","0.1",NA,NA,NA,NA,NA,NA,NA,"88","F6."
"880","0.1","0","6.8","2.4","2.6","2.53426517949484","7.225","8.2","9.9","6.9","3.9",NA,NA,NA,NA,"880","M10"
"881","0","0","18.3","0.9","11.5","14.839362070745","10.6","32.6","0.1","4.5","5.2",NA,NA,NA,NA,"881","M10"
"882","0","0","18.9","1","12.1","15.4948109593717","11.675","0.1","11.6","1.4","33.6",NA,NA,NA,NA,"882","M10"
"883","0.1","0","6.5","1.8","11.8","15.5932410571589","10.125","33","0.3","7.1","0.1",NA,NA,NA,NA,"883","M10"
"884","0","0","6.3","1.2","2.5","4.59374574829735","3.425","2.3","0.9","10.2","0.3",NA,NA,NA,NA,"884","M10"
"885","0","0","1.7","1.3","1.4","1.47958327466441","1.125","0.1","0.8","0.3","3.3",NA,NA,NA,NA,"885","M10"
"886","0.1","0","2.3","1.3","1.7","1.71537167984084","2.425","0.1","3.2","2.3","4.1",NA,NA,NA,NA,"886","M10"
"887","0","0","0.4","0.6","0.4","0.55","0.575","1.1","0.1","1","0.1",NA,NA,NA,NA,"887","M10"
"888","0","0","1","1.6","0.1","0.454606056566195","0.7","1.1","0.1","1","0.6",NA,NA,NA,NA,"888","M10"
"889","0","0","16.7","1.4","13.2","15.3065073307619","13.025","35.9","5.9","6.7","3.6",NA,NA,NA,NA,"889","M10"
"89","0.1","0","15.5","0.6","9.4",NA,"16.1","16.1",NA,NA,NA,NA,NA,NA,NA,"89","F6."
"890","0","0","4.5","2.2","2.3","2.81187956119509","4","1.3","7.9","2.9","3.9",NA,NA,NA,NA,"890","M10"
"891","0.1","0","3.6","2.2","2","2.58005167906898","2.55","0.4","0.3","5.3","4.2",NA,NA,NA,NA,"891","M10"
"892","0","0","21.4","0.7","12.6","14.0528466867037","19.175","31.2","9.8","4.5","31.2",NA,NA,NA,NA,"892","M10"
"893","0","0","5.4","0.7","6.1","4.67404179128371","5.3","1.4","11.9","5.2","2.7",NA,NA,NA,NA,"893","M10"
"894","0.1","0","1.7","3","1.2","0.852447456836295","1.5","0.3","1.6","2.3","1.8",NA,NA,NA,NA,"894","M10"
"895","0","0","3.7","1.3","2.4","1.65201896679992","3.225","2.4","4.5","4.7","1.3",NA,NA,NA,NA,"895","M10"
"896","0","0","4.3","0.9","11","1.79698822107065","2.725","0.1","3.6","4.1","3.1",NA,NA,NA,NA,"896","M10"
"897","0.1","0","19.8","0.9","10.5","17.0909332688417","17.7","32.8","0.1","6","31.9",NA,NA,NA,NA,"897","M10"
"898","0","0","22.3","0.7","10.6","15.3864388342462","20.825","35","9.7","5.5","33.1",NA,NA,NA,NA,"898","M10"
"899","0.1","0","2","3","0.2","1.36747943311773","2.75","2","2.1","4.8","2.1",NA,NA,NA,NA,"899","M10"
"9","0","0","3.8","0.7","2.6","2.61629509039023","4.05","5.9","2.2",NA,NA,NA,NA,NA,NA,"9","F3."
"90","0","0","26.2","0","7.3",NA,"29.7","29.7",NA,NA,NA,NA,NA,NA,NA,"90","F6."
"900","0","0","23.1","1.1","11.8","14.4760722112964","27.35","33.5","36.1","5.7","34.1",NA,NA,NA,NA,"900","M10"
"901","0","0","8.3","1.5","1.9","1.95512147960172","8.225","10.3","9.4","6.1","7.1",NA,NA,NA,NA,"901","M10"
"902","0.1","0","22.9","1","11.1","14.4571493271207","20.425","32.5","9.4","6.5","33.3",NA,NA,NA,NA,"902","M10"
"903","0","0","4.9","3.5","0.4","0.613731754650732","4.85","4.4","4.4","5.7","4.9",NA,NA,NA,NA,"903","M10"
"904","0","0","3.1","0.9","14.7","14.3636114307417","10.4","31.8","2.8","5.5","1.5",NA,NA,NA,NA,"904","M10"
"905","0.1","0","14.9","1","12.3","14.4072609009022","11.325","32.6","3.6","7.6","1.5",NA,NA,NA,NA,"905","M10"
"906","0.1","0","19","1.5","12.7","17.86922400852","19.425","36.3","33.4","5","3",NA,NA,NA,NA,"906","M10"
"907","0","0","5.8","1","0.2","0.275378527364305","6.125","5.8","6","6.4","6.3",NA,NA,NA,NA,"907","M10"
"908","0","0","19.8","1.1","9.6","13.1170372671067","27.05","34.5","32.9","7.4","33.4",NA,NA,NA,NA,"908","M10"
"909","0","0","18.4","1","11.8","14.1268951530995","12.325","0.1","10","6.6","32.6",NA,NA,NA,NA,"909","M10"
"91","0.9","0","25.9","0.1","11.3",NA,"32.1","32.1",NA,NA,NA,NA,NA,NA,NA,"91","F6."
"910","0.1","0","5.7","2.9","12.8","3.99614397471696","3.575","0.1","7.7","6.3","0.2",NA,NA,NA,NA,"910","M10"
"911","0","0","9.8","1.1","4.7","3.50749198145912","10.725","15.5","11","7.4","9",NA,NA,NA,NA,"911","M10"
"912","0","0","19.4","1","10.6","13.8414835428384","21.4","33.7","11.5","7.5","32.9",NA,NA,NA,NA,"912","M10"
"913","0.1","0","22.2","2.3","14","17.7346177479715","13.95","0.1","9.5","6.3","39.9",NA,NA,NA,NA,"913","M10"
"914","0","0","21.3","0.9","12.2","14.2170085929964","19.95","31.3","6.2","9.2","33.1",NA,NA,NA,NA,"914","M10"
"915","0.1","0","2.6","2.5","1.5","1.85180092522568","2.275","0.1","4.5","2.8","1.7",NA,NA,NA,NA,"915","M10"
"916","0.1","0","4.1","1.8","1.6","1.43381774760021","4.075","3.9","5.9","4.1","2.4",NA,NA,NA,NA,"916","M10"
"917","0","0","2.3","1.8","1.8","1.78978583448784","2.25","1.4","4.9","1.7","1",NA,NA,NA,NA,"917","M10"
"918","0","0","1.2","1","0.6","0.768114574786861","0.75","1.2","0.1","0.1","1.6",NA,NA,NA,NA,"918","M10"
"919","0.1","0","13","1.6","10.9","13.6089125208446","12.525","32.3","10.7","3.3","3.8",NA,NA,NA,NA,"919","M10"
"92","0.1","0","26.4","0","9.7",NA,"25.9","25.9",NA,NA,NA,NA,NA,NA,NA,"92","F6."
"920","0","0","5.9","1.2","1.6","1.74451521441727","6.05","7.3","7.3","6","3.6",NA,NA,NA,NA,"920","M10"
"921","0","0","1.2","0.7","1.9","1.73661548229115","1.325","0.7","3.9","0.6","0.1",NA,NA,NA,NA,"921","M10"
"922","0.1","0","2","3.4","0.5","0.623832242407097","1.925","2.3","2.6","1.5","1.3",NA,NA,NA,NA,"922","M10"
"923","0","0","7.6","1.4","3.6","3.39018190269096","7.2","6.4","12.2","5","5.2",NA,NA,NA,NA,"923","M10"
"924","0.1","0","0.8","2.4","0.1","1.5326991442115","1.825","0.7","4","1.8","0.8",NA,NA,NA,NA,"924","M10"
"93","0","0","29.9","1.5","9.7",NA,"41.9","41.9",NA,NA,NA,NA,NA,NA,NA,"93","F6."
"94","0","0","26","0.7","8.8",NA,"41.3","41.3",NA,NA,NA,NA,NA,NA,NA,"94","F6."
"95","0","0","20.2","1","8.2",NA,"32.4","32.4",NA,NA,NA,NA,NA,NA,NA,"95","F6."
"96","0","0","2.9","0","5.2",NA,"2.8","2.8",NA,NA,NA,NA,NA,NA,NA,"96","F6."
"97","0","0","4.8","0","4.8","19.5161471607487","22.3","36.1","8.5",NA,NA,NA,NA,NA,NA,"97","F7."
"98","0","0","1.1","1.3","0.1","1.27279220613579","1.1","2","0.2",NA,NA,NA,NA,NA,NA,"98","F7."
"99","0","0","13.3","0.8","4.3","0.141421356237309","13.4","13.3","13.5",NA,NA,NA,NA,NA,NA,"99","F7."
