animal,context,n_cells,spearman_rho,spearman_p,argmax_fc,argmax_recall
astroF10,CxtA,3,1.0,0.0,2.3389021479713605;2.7398568019093084;3.04057279236277,1.4367541766109788;2.2386634844868745;18.67780429594272
astroF10,CxtB,14,0.2868261024268334,0.32010340992103276,2.4391408114558466;2.5393794749403327;2.5393794749403327;2.5393794749403327;2.6396181384248223;2.7398568019093084;2.8400954653937944;2.8400954653937944;2.9403341288782805;3.04057279236277;3.04057279236277;4.544152744630072;5.947494033412887;17.07398568019093,-7.484486873508353;-3.9761336515513133;4.443914081145586;4.042959427207638;-7.384248210023866;11.66109785202864;1.035799522673031;2.8400954653937944;-13.097852028639618;0.5346062052505971;8.854415274463008;1.035799522673031;27.599045346062056;3.541766109785204
astroF3,CxtA,20,0.3463859349893528,0.13462536369667044,1.7374701670644388;1.9379474940334127;2.0381861575178988;2.138424821002385;2.138424821002385;2.3389021479713605;2.7398568019093084;2.8400954653937944;2.8400954653937944;2.9403341288782805;2.9403341288782805;3.04057279236277;3.3412887828162283;3.4415274463007144;3.742243436754176;3.842482100238662;3.842482100238662;4.042959427207638;4.644391408114558;6.147971360381863,7.150357995226731;4.644391408114558;0.6348448687350832;1.4367541766109788;-12.496420047732697;0.03341288782816143;0.43436754176610926;0.8353221957040571;3.742243436754176;2.3389021479713605;1.035799522673031;-14.0;1.236276849642005;7.250596658711217;2.2386634844868745;4.24343675417661;4.343675417661096;13.565632458233889;3.942720763723152;4.042959427207638
astroF3,CxtB,7,-0.7142857142857144,0.07134356146753759,1.5369928400954649;1.8377088305489266;1.9379474940334127;2.5393794749403327;2.8400954653937944;3.2410501193317423;3.4415274463007144,3.942720763723152;5.54653937947494;12.26252983293556;3.742243436754176;0.3341288782816232;2.0381861575178988;3.541766109785204
astroF5,CxtA,5,-0.19999999999999998,0.747060078104662,2.2386634844868745;2.3389021479713605;2.5393794749403327;2.9403341288782805;3.4415274463007144,3.2410501193317423;1.136038186157517;6.0477326968973735;2.2386634844868745;2.138424821002385
astroF5,CxtB,10,0.4268372033233729,0.2186166141125521,2.138424821002385;2.5393794749403327;2.5393794749403327;2.6396181384248223;2.8400954653937944;2.8400954653937944;2.9403341288782805;3.140811455847256;3.3412887828162283;3.4415274463007144,1.5369928400954649;0.735083532219571;0.9355608591885449;1.336515513126491;1.035799522673031;1.236276849642005;2.6396181384248223;1.8377088305489266;2.138424821002385;1.136038186157517
astroF6,CxtA,6,-0.6,0.20799999999999982,1.136038186157517;1.236276849642005;1.336515513126491;1.6372315035799527;1.7374701670644388;2.7398568019093084,3.842482100238662;2.8400954653937944;1.5369928400954649;2.0381861575178988;3.2410501193317423;1.236276849642005
astroF7,CxtA,2,0.9999999999999999,,2.138424821002385;4.24343675417661,3.04057279236277;3.3412887828162283
astroF7,CxtB,1,,,1.6372315035799527,1.8377088305489266
astroF9,CxtA,73,-0.06808166695791847,0.5671086849444199,1.6372315035799527;1.6372315035799527;1.7374701670644388;1.7374701670644388;1.8377088305489266;1.9379474940334127;2.0381861575178988;2.3389021479713605;2.4391408114558466;2.5393794749403327;2.6396181384248223;2.6396181384248223;2.6396181384248223;2.6396181384248223;2.6396181384248223;2.7398568019093084;2.7398568019093084;2.7398568019093084;2.8400954653937944;2.8400954653937944;2.8400954653937944;2.9403341288782805;3.04057279236277;3.04057279236277;3.04057279236277;3.04057279236277;3.04057279236277;3.140811455847256;3.140811455847256;3.140811455847256;3.2410501193317423;3.3412887828162283;3.4415274463007144;3.4415274463007144;3.4415274463007144;3.541766109785204;3.541766109785204;3.64200477326969;3.64200477326969;3.742243436754176;3.742243436754176;3.842482100238662;3.842482100238662;3.842482100238662;3.942720763723152;3.942720763723152;4.143198090692124;4.143198090692124;4.24343675417661;4.443914081145586;4.544152744630072;4.544152744630072;4.644391408114558;4.94510739856802;5.245823389021481;5.54653937947494;5.747016706443915;5.947494033412887;5.947494033412887;5.947494033412887;6.0477326968973735;6.0477326968973735;6.949880668257755;6.949880668257755;7.250596658711217;8.553699284009546;9.455847255369928;10.95942720763723;12.26252983293556;12.563245823389021;12.563245823389021;13.966587112171837;24.09069212410501,4.24343675417661;8.553699284009546;1.236276849642005;0.8353221957040571;-4.377088305489259;5.646778042959426;15.369928400954652;4.94510739856802;-0.5680190930787585;0.9355608591885449;6.147971360381863;5.245823389021481;-0.7684964200477324;4.8448687350835336;6.348448687350835;3.64200477326969;7.050119331742245;4.8448687350835336;5.245823389021481;-13.498806682577566;21.28400954653938;3.842482100238662;4.343675417661096;10.157517899761338;3.842482100238662;-8.687350835322196;4.443914081145586;5.346062052505967;15.069212410501194;-2.6730310262529837;5.54653937947494;3.140811455847256;11.66109785202864;5.045346062052506;8.252983293556085;15.16945107398568;3.04057279236277;2.9403341288782805;26.997613365155132;4.143198090692124;8.45346062052506;8.052505966587113;4.744630071599044;-1.971360381861576;17.37470167064439;-3.4749403341288776;0.13365155131264927;27.198090692124104;-1.570405727923628;-6.983293556085919;17.675417661097853;3.2410501193317423;-6.281622911694511;1.336515513126491;0.43436754176610926;14.066825775656323;0.13365155131264927;1.4367541766109788;-1.1694510739856803;5.646778042959426;4.042959427207638;-5.680190930787589;25.894988066825775;2.5393794749403327;-6.682577565632458;14.367541766109785;2.6396181384248223;-1.570405727923628;10.057279236276848;5.54653937947494;11.961813842482101;1.236276849642005;2.2386634844868745
astroF9,CxtB,101,0.055199784164582724,0.5835105657791197,1.6372315035799527;1.6372315035799527;1.7374701670644388;1.7374701670644388;1.8377088305489266;1.9379474940334127;2.0381861575178988;2.138424821002385;2.138424821002385;2.138424821002385;2.3389021479713605;2.3389021479713605;2.4391408114558466;2.4391408114558466;2.4391408114558466;2.4391408114558466;2.4391408114558466;2.5393794749403327;2.6396181384248223;2.7398568019093084;2.7398568019093084;2.7398568019093084;2.7398568019093084;2.8400954653937944;2.8400954653937944;2.8400954653937944;2.9403341288782805;2.9403341288782805;2.9403341288782805;3.04057279236277;3.04057279236277;3.04057279236277;3.140811455847256;3.140811455847256;3.2410501193317423;3.2410501193317423;3.2410501193317423;3.3412887828162283;3.3412887828162283;3.3412887828162283;3.4415274463007144;3.4415274463007144;3.4415274463007144;3.541766109785204;3.541766109785204;3.541766109785204;3.541766109785204;3.541766109785204;3.64200477326969;3.64200477326969;3.742243436754176;3.742243436754176;3.742243436754176;3.742243436754176;3.842482100238662;3.842482100238662;3.842482100238662;3.842482100238662;3.842482100238662;3.842482100238662;3.942720763723152;3.942720763723152;3.942720763723152;3.942720763723152;4.042959427207638;4.042959427207638;4.143198090692124;4.143198090692124;4.24343675417661;4.24343675417661;4.343675417661096;4.443914081145586;4.544152744630072;4.544152744630072;4.544152744630072;4.644391408114558;4.744630071599044;4.8448687350835336;4.94510739856802;5.245823389021481;5.346062052505967;5.54653937947494;5.646778042959426;5.747016706443915;5.847255369928401;5.947494033412887;6.0477326968973735;7.250596658711217;8.052505966587113;10.658711217183772;10.95942720763723;11.05966587112172;11.961813842482101;12.26252983293556;12.563245823389021;12.563245823389021;13.966587112171837;14.367541766109785;15.16945107398568;18.176610978520287;24.09069212410501,5.54653937947494;5.847255369928401;2.5393794749403327;2.0381861575178988;10.758949880668258;-13.599045346062052;4.042959427207638;-10.1909307875895;-8.988066825775658;0.23389021479713534;1.336515513126491;1.136038186157517;0.6348448687350832;18.57756563245823;10.35799522673031;15.470167064439142;7.651551312649165;5.245823389021481;24.09069212410501;11.66109785202864;2.5393794749403327;1.236276849642005;5.646778042959426;0.13365155131264927;-8.186157517899762;2.0381861575178988;-12.69689737470167;3.742243436754176;-4.477326968973747;3.842482100238662;9.75656324582339;-1.4701670644391402;-2.47255369928401;-11.694510739856803;26.79713603818616;4.143198090692124;0.5346062052505971;1.9379474940334127;24.591885441527445;2.3389021479713605;-10.1909307875895;10.458233890214796;4.94510739856802;-3.5751789976133654;2.7398568019093084;1.035799522673031;20.98329355608592;6.548926014319807;-9.689737470167064;-0.7684964200477324;6.649164677804297;2.7398568019093084;-0.1670644391408107;-0.8687350835322203;3.2410501193317423;2.4391408114558466;28.0;5.847255369928401;5.346062052505967;8.353221957040574;9.155131264916466;0.5346062052505971;5.947494033412887;15.670644391408114;22.386634844868738;26.095465393794747;24.1909307875895;1.4367541766109788;-9.789976133651551;-5.980906921241051;2.0381861575178988;-1.871121718377088;-13.899761336515514;9.05489260143198;22.286396181384248;0.9355608591885449;1.9379474940334127;-14.0;7.350835322195703;2.0381861575178988;-3.5751789976133654;2.6396181384248223;1.136038186157517;4.343675417661096;3.742243436754176;5.54653937947494;2.2386634844868745;1.336515513126491;10.35799522673031;24.591885441527445;10.558472553699286;-2.77326968973747;-0.5680190930787585;1.8377088305489266;1.9379474940334127;-0.8687350835322203;19.178997613365155;3.3412887828162283;5.747016706443915;17.07398568019093;2.6396181384248223
astroM10,CxtA,13,0.0013927576601671307,0.9963970865383103,2.0381861575178988;2.0381861575178988;2.138424821002385;2.138424821002385;2.138424821002385;2.2386634844868745;2.3389021479713605;2.6396181384248223;3.2410501193317423;3.4415274463007144;4.343675417661096;4.644391408114558;5.145584725536992,1.5369928400954649;0.9355608591885449;5.747016706443915;1.035799522673031;1.8377088305489266;1.9379474940334127;-7.58472553699284;0.13365155131264927;1.035799522673031;14.066825775656323;1.035799522673031;1.5369928400954649;1.136038186157517
astroM10,CxtB,29,-0.15633237998899202,0.41803143801016396,1.6372315035799527;1.9379474940334127;1.9379474940334127;1.9379474940334127;2.0381861575178988;2.0381861575178988;2.0381861575178988;2.0381861575178988;2.0381861575178988;2.138424821002385;2.138424821002385;2.138424821002385;2.3389021479713605;2.4391408114558466;2.4391408114558466;2.5393794749403327;2.5393794749403327;2.6396181384248223;2.6396181384248223;2.6396181384248223;2.7398568019093084;3.140811455847256;3.140811455847256;3.2410501193317423;3.3412887828162283;3.4415274463007144;3.4415274463007144;3.842482100238662;4.343675417661096,2.8400954653937944;2.6396181384248223;2.4391408114558466;0.23389021479713534;6.147971360381863;10.758949880668258;2.2386634844868745;1.4367541766109788;2.3389021479713605;5.045346062052506;3.64200477326969;0.6348448687350832;5.847255369928401;10.257756563245824;0.23389021479713534;1.5369928400954649;3.742243436754176;3.04057279236277;7.852028639618137;1.9379474940334127;0.23389021479713534;6.849642004773269;1.336515513126491;1.7374701670644388;0.8353221957040571;3.04057279236277;3.4415274463007144;-0.06682577565632464;1.8377088305489266
astroM3,CxtA,90,0.416933437763807,4.353479268414509e-05,-7.58472553699284;1.6372315035799527;2.138424821002385;2.2386634844868745;2.2386634844868745;2.2386634844868745;2.4391408114558466;2.4391408114558466;2.4391408114558466;2.5393794749403327;2.5393794749403327;2.6396181384248223;2.6396181384248223;2.6396181384248223;2.6396181384248223;2.7398568019093084;2.7398568019093084;2.7398568019093084;2.8400954653937944;2.8400954653937944;2.8400954653937944;2.9403341288782805;2.9403341288782805;3.04057279236277;3.04057279236277;3.140811455847256;3.3412887828162283;3.3412887828162283;3.3412887828162283;3.3412887828162283;3.3412887828162283;3.4415274463007144;3.541766109785204;3.541766109785204;3.541766109785204;3.541766109785204;3.64200477326969;3.64200477326969;3.64200477326969;3.64200477326969;3.64200477326969;3.64200477326969;3.64200477326969;3.742243436754176;3.742243436754176;3.742243436754176;3.742243436754176;3.742243436754176;3.842482100238662;3.842482100238662;3.842482100238662;3.842482100238662;4.042959427207638;4.042959427207638;4.042959427207638;4.143198090692124;4.143198090692124;4.24343675417661;4.24343675417661;4.343675417661096;4.343675417661096;4.343675417661096;4.443914081145586;4.443914081145586;4.644391408114558;4.644391408114558;4.644391408114558;4.8448687350835336;4.8448687350835336;4.94510739856802;4.94510739856802;5.145584725536992;5.145584725536992;5.245823389021481;5.346062052505967;5.4463007159904535;5.4463007159904535;5.54653937947494;5.747016706443915;5.747016706443915;5.847255369928401;5.947494033412887;6.548926014319807;6.749403341288783;7.551312649164679;7.751789976133651;8.353221957040574;8.754176610978519;10.658711217183772;15.16945107398568,1.136038186157517;0.13365155131264927;3.64200477326969;5.245823389021481;-1.1694510739856803;-0.06682577565632464;-0.26730310262529855;4.644391408114558;6.749403341288783;1.7374701670644388;-0.06682577565632464;0.9355608591885449;10.057279236276848;6.548926014319807;5.346062052505967;-0.6682577565632464;-1.6706443914081142;-0.7684964200477324;3.64200477326969;10.95942720763723;4.8448687350835336;3.4415274463007144;0.6348448687350832;7.751789976133651;0.9355608591885449;2.0381861575178988;2.138424821002385;3.942720763723152;3.04057279236277;15.369928400954652;3.64200477326969;0.5346062052505971;0.735083532219571;-0.1670644391408107;6.0477326968973735;18.77804295942721;6.147971360381863;9.957040572792362;0.03341288782816143;9.957040572792362;4.94510739856802;10.558472553699286;2.8400954653937944;4.042959427207638;8.252983293556085;10.859188544152744;9.6563245823389;2.138424821002385;2.4391408114558466;5.947494033412887;6.248210023866349;5.346062052505967;13.365155131264917;7.350835322195703;-0.26730310262529855;5.646778042959426;7.150357995226731;4.744630071599044;4.24343675417661;11.260143198090692;7.451073985680189;4.042959427207638;17.97613365155131;12.062052505966587;4.042959427207638;5.646778042959426;10.157517899761338;4.443914081145586;12.062052505966587;8.45346062052506;2.5393794749403327;11.66109785202864;9.255369928400956;10.157517899761338;8.052505966587113;7.150357995226731;2.2386634844868745;25.594272076372313;6.649164677804297;8.152744630071599;5.54653937947494;9.556085918854414;-0.5680190930787585;11.360381861575178;8.954653937947494;5.145584725536992;0.3341288782816232;11.560859188544153;12.362768496420049;-0.46778042959427246
astroM4,CxtA,119,0.2842169039838015,0.0017327679251102194,-13.899761336515514;-11.193317422434367;-5.980906921241051;-4.577565632458233;-2.17183770883055;1.236276849642005;1.5369928400954649;1.6372315035799527;1.8377088305489266;1.8377088305489266;1.8377088305489266;1.8377088305489266;1.9379474940334127;2.0381861575178988;2.0381861575178988;2.0381861575178988;2.138424821002385;2.138424821002385;2.2386634844868745;2.2386634844868745;2.2386634844868745;2.2386634844868745;2.3389021479713605;2.3389021479713605;2.3389021479713605;2.4391408114558466;2.4391408114558466;2.4391408114558466;2.4391408114558466;2.4391408114558466;2.5393794749403327;2.5393794749403327;2.5393794749403327;2.5393794749403327;2.6396181384248223;2.6396181384248223;2.6396181384248223;2.6396181384248223;2.6396181384248223;2.6396181384248223;2.7398568019093084;2.7398568019093084;2.7398568019093084;2.7398568019093084;2.7398568019093084;2.8400954653937944;2.8400954653937944;2.8400954653937944;2.8400954653937944;2.8400954653937944;2.8400954653937944;2.8400954653937944;2.9403341288782805;2.9403341288782805;2.9403341288782805;2.9403341288782805;3.140811455847256;3.140811455847256;3.2410501193317423;3.2410501193317423;3.2410501193317423;3.2410501193317423;3.3412887828162283;3.4415274463007144;3.4415274463007144;3.4415274463007144;3.4415274463007144;3.4415274463007144;3.4415274463007144;3.541766109785204;3.541766109785204;3.541766109785204;3.541766109785204;3.64200477326969;3.64200477326969;3.64200477326969;3.742243436754176;3.942720763723152;3.942720763723152;3.942720763723152;3.942720763723152;4.042959427207638;4.24343675417661;4.24343675417661;4.24343675417661;4.343675417661096;4.443914081145586;4.443914081145586;4.443914081145586;4.544152744630072;4.644391408114558;4.644391408114558;4.644391408114558;4.744630071599044;4.744630071599044;4.744630071599044;4.8448687350835336;4.8448687350835336;5.045346062052506;5.045346062052506;5.245823389021481;5.346062052505967;5.4463007159904535;5.4463007159904535;5.747016706443915;5.747016706443915;5.947494033412887;6.0477326968973735;6.248210023866349;6.448687350835321;6.448687350835321;7.050119331742245;7.150357995226731;7.9522673031026265;8.954653937947494;9.75656324582339;9.856801909307876;10.558472553699286;10.859188544152744,0.6348448687350832;1.236276849642005;1.336515513126491;3.04057279236277;0.3341288782816232;2.3389021479713605;-0.1670644391408107;7.350835322195703;1.035799522673031;24.1909307875895;6.348448687350835;3.541766109785204;6.448687350835321;-2.17183770883055;8.954653937947494;6.348448687350835;4.544152744630072;5.245823389021481;1.5369928400954649;-0.46778042959427246;-0.06682577565632464;-1.3699284009546542;3.140811455847256;-0.06682577565632464;8.152744630071599;9.75656324582339;1.6372315035799527;3.140811455847256;5.747016706443915;15.16945107398568;-1.570405727923628;5.346062052505967;0.9355608591885449;5.245823389021481;1.035799522673031;5.847255369928401;0.23389021479713534;2.0381861575178988;1.136038186157517;0.23389021479713534;3.64200477326969;1.9379474940334127;4.744630071599044;3.541766109785204;21.584725536992842;5.646778042959426;9.957040572792362;3.64200477326969;3.04057279236277;4.143198090692124;6.949880668257755;3.541766109785204;11.961813842482101;13.26491646778043;5.947494033412887;6.0477326968973735;5.346062052505967;2.2386634844868745;3.541766109785204;2.6396181384248223;14.367541766109785;-0.7684964200477324;1.5369928400954649;2.5393794749403327;2.8400954653937944;3.742243436754176;9.556085918854414;1.6372315035799527;3.842482100238662;4.94510739856802;2.9403341288782805;11.05966587112172;0.735083532219571;9.556085918854414;1.4367541766109788;7.551312649164679;6.849642004773269;8.854415274463008;4.143198090692124;5.646778042959426;6.649164677804297;11.861575178997612;5.4463007159904535;3.3412887828162283;6.949880668257755;9.05489260143198;5.947494033412887;5.847255369928401;5.947494033412887;3.3412887828162283;4.143198090692124;0.5346062052505971;-1.971360381861576;5.346062052505967;3.942720763723152;4.94510739856802;9.556085918854414;6.548926014319807;-11.093078758949881;4.544152744630072;10.35799522673031;9.255369928400956;3.3412887828162283;26.39618138424821;-8.58711217183771;3.2410501193317423;7.551312649164679;5.145584725536992;3.842482100238662;4.343675417661096;6.147971360381863;5.045346062052506;12.964200477326969;9.556085918854414;6.849642004773269;9.957040572792362;-1.0692124105011942;12.463007159904535;6.448687350835321
astroM5,CxtA,148,0.27022813167061804,0.0008949924995279765,-13.899761336515514;-8.186157517899762;-7.885441527446301;-7.183770883054892;-3.1742243436754176;1.5369928400954649;1.7374701670644388;1.7374701670644388;1.7374701670644388;1.8377088305489266;1.9379474940334127;1.9379474940334127;2.0381861575178988;2.2386634844868745;2.3389021479713605;2.3389021479713605;2.4391408114558466;2.4391408114558466;2.5393794749403327;2.5393794749403327;2.5393794749403327;2.6396181384248223;2.6396181384248223;2.6396181384248223;2.6396181384248223;2.7398568019093084;2.7398568019093084;2.7398568019093084;2.7398568019093084;2.7398568019093084;2.8400954653937944;2.8400954653937944;2.8400954653937944;2.8400954653937944;2.9403341288782805;2.9403341288782805;2.9403341288782805;2.9403341288782805;2.9403341288782805;2.9403341288782805;2.9403341288782805;2.9403341288782805;2.9403341288782805;3.04057279236277;3.140811455847256;3.140811455847256;3.140811455847256;3.140811455847256;3.140811455847256;3.140811455847256;3.140811455847256;3.140811455847256;3.2410501193317423;3.2410501193317423;3.3412887828162283;3.3412887828162283;3.3412887828162283;3.3412887828162283;3.3412887828162283;3.3412887828162283;3.4415274463007144;3.4415274463007144;3.4415274463007144;3.541766109785204;3.541766109785204;3.541766109785204;3.541766109785204;3.541766109785204;3.541766109785204;3.64200477326969;3.64200477326969;3.64200477326969;3.64200477326969;3.64200477326969;3.64200477326969;3.64200477326969;3.742243436754176;3.742243436754176;3.742243436754176;3.842482100238662;3.842482100238662;3.842482100238662;3.842482100238662;4.042959427207638;4.042959427207638;4.042959427207638;4.042959427207638;4.042959427207638;4.042959427207638;4.143198090692124;4.24343675417661;4.24343675417661;4.343675417661096;4.443914081145586;4.443914081145586;4.443914081145586;4.544152744630072;4.544152744630072;4.644391408114558;4.644391408114558;4.644391408114558;4.644391408114558;4.644391408114558;4.744630071599044;4.744630071599044;4.8448687350835336;4.8448687350835336;4.94510739856802;4.94510739856802;4.94510739856802;5.145584725536992;5.145584725536992;5.145584725536992;5.245823389021481;5.245823389021481;5.4463007159904535;5.4463007159904535;5.54653937947494;5.646778042959426;5.847255369928401;5.847255369928401;5.947494033412887;6.0477326968973735;6.147971360381863;6.147971360381863;6.147971360381863;6.248210023866349;6.348448687350835;6.448687350835321;6.448687350835321;6.548926014319807;6.649164677804297;6.749403341288783;6.749403341288783;6.749403341288783;7.050119331742245;7.250596658711217;7.350835322195703;7.751789976133651;7.751789976133651;8.353221957040574;8.854415274463008;10.558472553699286;10.558472553699286;11.159904534606206;18.27684964200477;20.482100238663485;21.484486873508352,1.336515513126491;2.2386634844868745;1.236276849642005;0.5346062052505971;15.570405727923628;-3.5751789976133654;6.949880668257755;0.43436754176610926;-0.46778042959427246;1.9379474940334127;1.8377088305489266;4.343675417661096;3.140811455847256;0.3341288782816232;5.847255369928401;0.43436754176610926;3.3412887828162283;2.0381861575178988;6.749403341288783;2.9403341288782805;11.460620525059667;2.0381861575178988;2.5393794749403327;2.5393794749403327;2.7398568019093084;5.847255369928401;1.8377088305489266;8.052505966587113;2.3389021479713605;4.343675417661096;1.4367541766109788;4.143198090692124;6.0477326968973735;2.9403341288782805;0.43436754176610926;4.644391408114558;6.248210023866349;4.8448687350835336;3.4415274463007144;-0.46778042959427246;2.8400954653937944;2.8400954653937944;2.2386634844868745;1.7374701670644388;4.644391408114558;0.23389021479713534;5.747016706443915;4.443914081145586;1.8377088305489266;0.6348448687350832;4.744630071599044;5.747016706443915;6.849642004773269;4.744630071599044;2.3389021479713605;6.0477326968973735;1.6372315035799527;5.54653937947494;5.245823389021481;0.5346062052505971;2.0381861575178988;3.2410501193317423;4.8448687350835336;4.644391408114558;4.544152744630072;5.646778042959426;5.145584725536992;4.544152744630072;27.498806682577566;4.8448687350835336;0.735083532219571;6.147971360381863;0.5346062052505971;6.448687350835321;1.035799522673031;3.742243436754176;5.4463007159904535;4.443914081145586;5.947494033412887;0.03341288782816143;1.9379474940334127;-0.06682577565632464;4.343675417661096;3.140811455847256;6.248210023866349;26.195704057279237;3.3412887828162283;3.942720763723152;2.9403341288782805;2.6396181384248223;4.042959427207638;3.942720763723152;7.050119331742245;4.443914081145586;7.451073985680189;4.042959427207638;4.94510739856802;4.544152744630072;5.145584725536992;2.0381861575178988;1.4367541766109788;1.9379474940334127;3.3412887828162283;6.448687350835321;4.544152744630072;1.6372315035799527;2.6396181384248223;6.849642004773269;8.954653937947494;5.847255369928401;3.2410501193317423;2.9403341288782805;2.7398568019093084;3.4415274463007144;3.04057279236277;4.744630071599044;7.150357995226731;1.035799522673031;4.544152744630072;4.544152744630072;6.348448687350835;7.551312649164679;4.744630071599044;8.252983293556085;3.2410501193317423;4.24343675417661;10.859188544152744;5.54653937947494;4.744630071599044;3.4415274463007144;4.343675417661096;2.2386634844868745;-2.6730310262529837;6.348448687350835;5.4463007159904535;1.336515513126491;7.250596658711217;7.551312649164679;4.94510739856802;4.544152744630072;7.250596658711217;4.343675417661096;11.05966587112172;4.343675417661096;15.87112171837709;3.04057279236277;0.13365155131264927;3.842482100238662
astroM6,CxtB,74,0.031747208172956023,0.7883005885997042,-9.990453460620525;-9.89021479713604;-6.4821002386634845;-6.081145584725537;-3.5751789976133654;-0.06682577565632464;1.9379474940334127;2.0381861575178988;2.138424821002385;2.3389021479713605;2.4391408114558466;2.5393794749403327;2.5393794749403327;2.7398568019093084;2.9403341288782805;3.04057279236277;3.140811455847256;3.140811455847256;3.2410501193317423;3.2410501193317423;3.3412887828162283;3.4415274463007144;3.4415274463007144;3.4415274463007144;3.4415274463007144;3.541766109785204;3.541766109785204;3.64200477326969;3.64200477326969;3.64200477326969;3.742243436754176;3.842482100238662;3.942720763723152;4.042959427207638;4.24343675417661;4.343675417661096;4.443914081145586;4.544152744630072;4.544152744630072;4.544152744630072;4.744630071599044;4.744630071599044;4.744630071599044;4.8448687350835336;4.8448687350835336;4.94510739856802;4.94510739856802;5.045346062052506;5.045346062052506;5.145584725536992;5.145584725536992;5.245823389021481;5.346062052505967;5.4463007159904535;5.54653937947494;5.54653937947494;5.747016706443915;5.747016706443915;5.747016706443915;5.947494033412887;6.147971360381863;6.548926014319807;7.852028639618137;10.558472553699286;12.162291169451073;13.565632458233889;15.369928400954652;16.973747016706444;16.973747016706444;19.78042959427208;21.384248210023863;23.489260143198088;23.489260143198088;24.692124105011935,13.365155131264917;25.09307875894988;6.348448687350835;-0.26730310262529855;-13.298329355608592;14.267303102625299;9.75656324582339;27.097852028639615;0.6348448687350832;-12.295942720763723;11.260143198090692;9.75656324582339;20.98329355608592;21.083532219570408;1.336515513126491;-13.198090692124104;-4.377088305489259;2.9403341288782805;4.8448687350835336;0.735083532219571;15.670644391408114;-2.8735083532219576;0.13365155131264927;2.6396181384248223;-1.570405727923628;3.140811455847256;1.336515513126491;1.5369928400954649;9.75656324582339;7.451073985680189;9.355608591885442;5.245823389021481;16.071599045346062;-10.792362768496421;5.54653937947494;-1.1694510739856803;3.842482100238662;5.145584725536992;-9.288782816229116;-0.1670644391408107;3.541766109785204;9.05489260143198;8.653937947494033;4.143198090692124;-0.06682577565632464;21.384248210023863;5.646778042959426;8.353221957040574;2.8400954653937944;-0.46778042959427246;2.5393794749403327;-1.871121718377088;3.64200477326969;-14.0;2.5393794749403327;0.9355608591885449;-11.794749403341289;0.735083532219571;-10.792362768496421;7.852028639618137;28.0;14.46778042959427;27.298329355608594;22.988066825775654;14.46778042959427;18.27684964200477;19.479713603818617;0.23389021479713534;-13.097852028639618;-7.183770883054892;14.167064439140812;6.448687350835321;11.560859188544153;7.150357995226731
astroM7,CxtB,88,0.13744704324765714,0.20160145527670606,-8.687350835322196;-8.386634844868734;-3.7756563245823394;-2.8735083532219576;1.7374701670644388;1.9379474940334127;2.0381861575178988;2.2386634844868745;2.3389021479713605;2.3389021479713605;2.4391408114558466;2.5393794749403327;2.6396181384248223;2.6396181384248223;2.7398568019093084;2.7398568019093084;2.9403341288782805;2.9403341288782805;2.9403341288782805;3.04057279236277;3.140811455847256;3.140811455847256;3.140811455847256;3.140811455847256;3.4415274463007144;3.4415274463007144;3.4415274463007144;3.541766109785204;3.742243436754176;3.742243436754176;3.742243436754176;3.842482100238662;3.942720763723152;3.942720763723152;3.942720763723152;4.042959427207638;4.143198090692124;4.143198090692124;4.143198090692124;4.24343675417661;4.24343675417661;4.544152744630072;4.644391408114558;4.644391408114558;4.8448687350835336;4.8448687350835336;4.8448687350835336;4.8448687350835336;4.94510739856802;4.94510739856802;5.145584725536992;5.145584725536992;5.346062052505967;5.646778042959426;5.646778042959426;5.747016706443915;5.847255369928401;6.548926014319807;6.749403341288783;6.849642004773269;6.849642004773269;6.849642004773269;7.150357995226731;7.250596658711217;7.350835322195703;7.651551312649165;7.852028639618137;7.852028639618137;8.052505966587113;8.45346062052506;8.653937947494033;9.155131264916466;9.255369928400956;9.355608591885442;9.355608591885442;9.455847255369928;9.856801909307876;9.957040572792362;10.157517899761338;10.257756563245824;10.558472553699286;10.95942720763723;11.560859188544153;11.761336515513126;11.961813842482101;13.365155131264917;13.465393794749403;27.398568019093076,18.67780429594272;1.8377088305489266;-12.69689737470167;1.9379474940334127;2.5393794749403327;3.541766109785204;4.443914081145586;-11.594272076372315;-7.284009546539379;-13.899761336515514;7.852028639618137;8.754176610978519;-2.572792362768496;9.556085918854414;4.042959427207638;17.174224343675416;9.75656324582339;5.747016706443915;-13.298329355608592;-13.097852028639618;5.045346062052506;0.8353221957040571;10.859188544152744;-12.69689737470167;3.4415274463007144;-6.682577565632458;-7.785202863961814;-4.176610978520287;-0.5680190930787585;-13.398568019093078;-1.2696897374701663;0.43436754176610926;-1.3699284009546542;-6.883054892601432;5.54653937947494;-7.484486873508353;-3.3747016706443915;9.6563245823389;3.2410501193317423;-11.093078758949881;7.150357995226731;-8.085918854415276;-0.8687350835322203;1.035799522673031;-0.1670644391408107;17.274463007159905;-2.071599045346062;4.143198090692124;1.8377088305489266;3.140811455847256;3.3412887828162283;5.145584725536992;8.353221957040574;10.35799522673031;3.842482100238662;2.3389021479713605;1.9379474940334127;-1.2696897374701663;24.892601431980907;-3.8758949880668254;5.646778042959426;-7.985680190930788;-0.7684964200477324;4.143198090692124;9.355608591885442;-0.7684964200477324;-8.486873508353222;-7.785202863961814;2.0381861575178988;13.565632458233889;0.5346062052505971;19.88066825775656;-0.26730310262529855;26.69689737470167;2.6396181384248223;-13.799522673031026;5.646778042959426;8.854415274463008;2.5393794749403327;0.735083532219571;6.949880668257755;-3.8758949880668254;22.88782816229117;-13.097852028639618;2.4391408114558466;-0.8687350835322203;9.957040572792362;14.367541766109785
astroM8,CxtB,87,-0.23707032452123372,0.02704401567166979,-9.789976133651551;-9.18854415274463;-6.3818615751789975;1.8377088305489266;1.8377088305489266;1.8377088305489266;1.9379474940334127;2.138424821002385;2.138424821002385;2.138424821002385;2.2386634844868745;2.2386634844868745;2.3389021479713605;2.4391408114558466;2.4391408114558466;2.6396181384248223;2.6396181384248223;2.7398568019093084;2.7398568019093084;2.8400954653937944;2.9403341288782805;2.9403341288782805;2.9403341288782805;3.04057279236277;3.04057279236277;3.140811455847256;3.2410501193317423;3.2410501193317423;3.3412887828162283;3.3412887828162283;3.3412887828162283;3.3412887828162283;3.3412887828162283;3.3412887828162283;3.3412887828162283;3.4415274463007144;3.541766109785204;3.541766109785204;3.64200477326969;3.742243436754176;3.742243436754176;3.842482100238662;3.842482100238662;3.842482100238662;3.942720763723152;4.042959427207638;4.042959427207638;4.143198090692124;4.143198090692124;4.143198090692124;4.143198090692124;4.24343675417661;4.343675417661096;4.343675417661096;4.443914081145586;4.443914081145586;4.443914081145586;4.443914081145586;4.544152744630072;4.544152744630072;4.544152744630072;4.744630071599044;4.94510739856802;4.94510739856802;5.245823389021481;5.346062052505967;5.346062052505967;5.346062052505967;5.4463007159904535;5.54653937947494;5.646778042959426;5.847255369928401;5.847255369928401;5.947494033412887;6.0477326968973735;6.147971360381863;6.147971360381863;6.248210023866349;6.448687350835321;6.649164677804297;6.649164677804297;8.45346062052506;8.653937947494033;8.854415274463008;9.75656324582339;13.86634844868735;27.799522673031028,25.894988066825775;-5.579952267303103;-11.995226730310263;-6.181384248210024;-4.076372315035799;8.052505966587113;0.23389021479713534;-3.7756563245823394;-10.692124105011933;-1.3699284009546542;3.3412887828162283;16.171837708830548;28.0;3.3412887828162283;-7.183770883054892;-5.379474940334129;-9.18854415274463;-3.3747016706443915;0.9355608591885449;-4.176610978520287;-6.883054892601432;-13.398568019093078;27.298329355608594;23.489260143198088;-7.284009546539379;-11.894988066825775;19.5799522673031;2.2386634844868745;-12.095465393794749;21.28400954653938;-6.3818615751789975;-7.183770883054892;9.957040572792362;3.3412887828162283;20.482100238663485;-3.5751789976133654;6.849642004773269;7.250596658711217;-13.498806682577566;-6.5823389021479715;-4.978520286396181;4.042959427207638;15.971360381861576;-4.076372315035799;4.8448687350835336;4.443914081145586;6.949880668257755;-8.687350835322196;1.136038186157517;7.050119331742245;-7.183770883054892;-7.885441527446301;-3.6754176610978515;-7.384248210023866;-5.479713603818615;3.64200477326969;-7.684964200477327;-8.486873508353222;-7.384248210023866;15.069212410501194;-9.689737470167064;27.298329355608594;-5.880668257756563;-4.477326968973747;-11.995226730310263;-8.58711217183771;-11.694510739856803;-9.18854415274463;-7.985680190930788;-9.589498806682577;2.0381861575178988;-7.985680190930788;-9.89021479713604;-9.789976133651551;-11.093078758949881;-8.085918854415276;1.6372315035799527;17.274463007159905;21.684964200477324;-7.384248210023866;-2.8735083532219576;-8.486873508353222;-2.9737470167064437;-12.39618138424821;-9.489260143198091;27.398568019093076;-11.494033412887829
astroM9,CxtA,6,0.08571428571428573,0.8717434402332361,2.9403341288782805;3.04057279236277;3.3412887828162283;3.4415274463007144;3.64200477326969;4.24343675417661,-1.871121718377088;6.548926014319807;5.145584725536992;10.257756563245824;0.13365155131264927;2.4391408114558466
