,activity_vector,freezing_vector
0,3.5505268478839334,0
1,2.493424283755184,0
2,2.280796193628269,0
3,2.1893187090745867,0
4,2.1383565339975723,0
5,2.1307515706701845,0
6,2.103846443460506,0
7,2.0584729204874357,0
8,1.998168424385479,0
9,1.9878764775971183,0
10,1.934380931465416,0
11,1.8786785612357684,0
12,1.8400479012173006,0
13,1.7962589541111325,0
14,1.760971645583915,0
15,1.7081255645416202,0
16,1.6828868866603255,0
17,1.6506409655201517,0
18,1.610590341794885,0
19,1.5461254544419747,0
20,1.5305677227585364,0
21,1.4928997085021258,0
22,1.4737057512260778,0
23,1.4712711093691964,0
24,1.4325789397206607,0
25,1.3884561792534207,0
26,1.3410996338929693,0
27,1.3508653388318255,0
28,1.3377993512045228,0
29,1.2961868752789518,0
30,1.276804165360954,0
31,1.2782188481313514,0
32,1.183548714169968,0
33,1.1823039217352735,0
34,1.2043691561906138,0
35,1.1977388891500478,0
36,1.1506387944464247,0
37,1.1686566593088767,0
38,1.1546883471666296,0
39,1.1737814246521754,0
40,1.0690715885738367,0
41,1.0257209049766014,0
42,1.0239792118538156,0
43,1.017635208390838,0
44,1.0223766048158338,0
45,1.0138163730171579,0
46,1.006925600206163,0
47,1.0106869115752364,0
48,0.9855736168737641,0
49,0.9969916373557502,0
50,0.9769627336308184,0
51,0.9590523612291662,0
52,0.9730599196727597,0
53,1.0060893845316072,0
54,0.9915486093273334,0
55,0.9494584491531088,0
56,1.006311995772782,0
57,1.0083785807616958,0
58,0.9940131991682938,0
59,1.0074545475210241,0
60,0.9711248127324075,0
61,0.9833575663484618,0
62,0.9788785745194578,0
63,0.9308012340798386,0
64,0.9388131242261663,0
65,0.9052936889205525,0
66,0.922787390546243,0
67,0.9016436266829241,0
68,0.9071680063412988,0
69,0.9029562609474863,0
70,0.9033381330709773,0
71,0.9123444944158682,0
72,0.9357466526870376,0
73,0.905138556502275,0
74,0.9131226346550806,0
75,0.8937201355372193,0
76,0.9278216771903163,0
77,0.9000917310302491,0
78,0.9108095423935658,0
79,0.8864015126090051,0
80,0.8904885251558968,0
81,0.8840076675399676,0
82,0.8450927111928507,0
83,0.8607022412567817,0
84,0.9001045597921354,0
85,0.9044140667281193,0
86,0.9035836340937528,0
87,0.8804391682719198,0
88,0.8566699323679534,0
89,0.883535925050252,0
90,0.8665617451778673,0
91,0.8760387184067434,0
92,0.8726629662169996,0
93,0.8705215151537575,0
94,0.8334162102547577,0
95,0.8294103193571241,0
96,0.7973368222609486,0
97,0.8165286608236736,0
98,0.8341521163846625,0
99,0.8245835799864952,0
100,0.8650072041340119,0
101,0.8517589094298117,0
102,0.8363508723938355,0
103,0.8715627247442839,0
104,0.8479380335387837,0
105,0.8398913831937804,0
106,0.8122847286335575,0
107,0.8036469251883637,0
108,0.7932685068832581,0
109,0.7969292737499718,0
110,0.843264828328382,0
111,0.8020575321532465,0
112,0.8386427160500307,0
113,0.8547176713068915,0
114,0.7859078046775216,0
115,0.8046253886467333,0
116,0.8569690290691628,0
117,0.861247041503844,0
118,0.8618297880610967,0
119,0.8680343806292788,0
120,0.8849317857958853,0
121,0.8849990863754915,0
122,0.8364645854742281,0
123,0.8689930268413671,0
124,0.8944259176896991,0
125,0.8857557910184352,0
126,0.9018868778948622,0
127,0.8669764683368056,0
128,0.8811166443126328,0
129,0.8661450980699222,0
130,0.8780571574942981,0
131,0.9097291091807238,0
132,0.907706050766342,0
133,0.8975323732697887,0
134,0.9228229275106705,0
135,0.9000296437590829,0
136,0.8908043321443018,0
137,0.8843964111304378,0
138,0.845163082345426,0
139,0.8920076576884176,0
140,0.8756891702842223,0
141,0.8681141431088973,0
142,0.8289687118779157,0
143,0.8622644124932103,0
144,0.8631199339890204,0
145,0.9135297172905816,0
146,0.9309049390736431,0
147,0.935041663061087,0
148,0.9114331884229664,0
149,0.9125999464688993,0
150,0.9361539696165093,0
151,0.9825748057944144,0
152,0.9730320220007763,0
153,0.9511959893639452,0
154,0.8975864110464999,0
155,0.8940569005499864,0
156,0.9245385936165565,0
157,0.9118853596853861,0
158,0.909599006140788,0
159,0.9219695417061454,0
160,0.8677247356550963,0
161,0.879525421567436,0
162,0.8920940989003022,0
163,0.9285392373183622,0
164,0.9080975145266659,0
165,0.8960585214612558,0
166,0.8810652132074804,0
167,0.8896073309180834,0
168,0.8755797154137706,0
169,0.9045196903643342,0
170,0.9005071380102916,0
171,0.8818881185360062,0
172,0.8360221710263661,1
173,0.8480120683138807,1
174,0.8582244917856339,1
175,0.8467300685326654,1
176,0.8616866303077418,1
177,0.8592903197064137,1
178,0.9063345793967637,1
179,0.8533542758671838,1
180,0.8542478475937011,1
181,0.8635596679161555,1
182,0.8680637129997792,1
183,0.8694653283781847,1
184,0.8641087227328615,1
185,0.8748353452625208,1
186,0.8751489619820089,1
187,0.8949874593016501,1
188,0.8378810994283679,1
189,0.8745367157996976,1
190,0.8622668542473911,1
191,0.8681982427827024,1
192,0.8572556351376857,1
193,0.8192858444684621,1
194,0.8118663057401757,1
195,0.8458104776026197,1
196,0.8479419494073005,1
197,0.8210800394949151,1
198,0.7774516784516665,1
199,0.7908172297051782,1
200,0.8059387625022665,1
201,0.8208794185026681,1
202,0.8091237961682775,1
203,0.8847452313064259,1
204,0.8786139331845305,1
205,0.8674460931997334,1
206,0.8634722603568498,1
207,0.8149922041624292,1
208,0.7768227703008567,1
209,0.805448829637484,1
210,0.7913823907392648,1
211,0.8192931266515516,1
212,0.8332340898592769,1
213,0.808497204581684,1
214,0.7419128074160749,0
215,0.7408738975156236,0
216,0.7269554751294649,0
217,0.7553658175364005,0
218,0.729071010865535,0
219,0.7261771790376521,0
220,0.7272452101768174,0
221,0.731705016269786,0
222,0.7635716511139446,0
223,0.757164962396034,0
224,0.7786897493281217,0
225,0.7811718521266353,0
226,0.7835517947578968,0
227,0.7813822204160652,0
228,0.7826393684964018,0
229,0.784242695606021,0
230,0.8195565042175293,0
231,0.8555068624755279,0
232,0.8558121992324549,0
233,0.8432633236545828,0
234,0.8221804892435429,0
235,0.8325478661985196,0
236,0.8602648156853955,0
237,0.8615569976638928,0
238,0.8562672952895954,0
239,0.8154232283007945,0
240,0.8486412261526067,0
241,0.883127529732637,0
242,0.8738899038621014,0
243,0.8514926236831095,0
244,0.8750964204917443,0
245,0.8680477998919258,0
246,0.8279829928414251,0
247,0.8429315606588293,0
248,0.8536950696531302,0
249,0.8752684977075554,0
250,0.8392958714804957,0
251,0.8465747515798262,0
252,0.8803247335497266,0
253,0.8639944568996938,0
254,0.8935321121117424,0
255,0.8661227321353612,0
256,0.8404037449981896,0
257,0.8451259860806021,0
258,0.8638086144100435,0
259,0.8644804398604127,0
260,0.8772943368456072,0
261,0.8629129140839674,0
262,0.9032560450380916,0
263,0.8981784289378867,0
264,0.8880766818452441,0
265,0.9401511030252394,0
266,0.9297891283929993,0
267,0.8823669844979032,0
268,0.9112976543190658,0
269,0.8704425572838085,0
270,0.8693063444975241,0
271,0.8795845073259203,0
272,0.8878748600573614,0
273,0.8786223636519581,0
274,0.9046658268185301,0
275,0.8932944545386533,0
276,0.8762726393821574,0
277,0.9313885488930193,0
278,0.9307942123935513,0
279,0.9263012648421128,0
280,0.9556359952598926,0
281,0.9317844839241802,0
282,0.9151109216431742,0
283,0.90932592592588,0
284,0.9198105019060926,0
285,0.9020904227018125,0
286,0.9236123753191255,0
287,0.9232165550507374,0
288,0.9414993369514189,0
289,0.9242158290672415,0
290,0.9577189036328839,0
291,0.9746425345799979,0
292,0.9811387717837485,0
293,0.9893337489788914,0
294,1.0342048451521522,0
295,1.0201043179116458,0
296,1.0085042419047674,0
297,0.9877199063467758,0
298,1.0326528260716799,0
299,1.0579335122006792,0
300,1.0764302552688805,0
301,1.0820806259357558,0
302,1.1348080397898785,0
303,1.0823783268925709,0
304,1.0658279826457235,0
305,1.0472169439456473,0
306,1.0629128485165442,0
307,1.062463800976186,0
308,1.0649768159053021,0
309,1.0087190579710426,0
310,1.0298751254756866,0
311,1.0440858331287717,0
312,1.0635550259694717,0
313,1.0891420420747235,0
314,1.1285555834781793,0
315,1.1085310969763076,0
316,1.147403112078661,0
317,1.1175412627908554,0
318,1.1689100627972524,0
319,1.1397338933457744,0
320,1.1257781855864235,0
321,1.0927081921549318,0
322,1.0802153852037368,0
323,1.1497445825739636,0
324,1.1812728230103444,0
325,1.1629385368200962,0
326,1.202920471958626,0
327,1.162402150668012,0
328,1.1795048213005892,0
329,1.168973537849874,0
330,1.184820762054511,0
331,1.1943132511753716,0
332,1.2170576604283678,0
333,1.231729942370307,0
334,1.2116195840203876,0
335,1.2574777290805947,0
336,1.3104882194016756,0
337,1.289856586554367,0
338,1.2576568088459288,0
339,1.2450968632302821,0
340,1.302804111880889,0
341,1.326330492810999,0
342,1.3276537000736328,0
343,1.3803390751027718,0
344,1.3600913601533051,0
345,1.3325904198009868,0
346,1.3302222243832316,0
347,1.373138600419878,0
348,1.4152071248564055,0
349,1.4043277851929716,0
350,1.4303045972897768,0
351,1.416851604790626,0
352,1.4453810151552284,0
353,1.4759338004061051,0
354,1.4948175463941855,0
355,1.5202925685496103,0
356,1.5358203512834907,0
357,1.5507760215833206,0
358,1.5470290852295863,0
359,1.5728025667002659,0
360,1.6078473951606727,0
361,1.6706266309922702,0
362,1.716456590999525,0
363,1.7062528217461996,0
364,1.7137635491785783,0
365,1.7672531588359115,0
366,1.795811972971983,0
367,1.7967867058118354,0
368,1.7938417573732997,0
369,1.790485394677051,0
370,1.8080086919889484,0
371,1.8632163831762398,0
372,1.8029818717894468,0
373,1.79415169611687,0
374,1.806353828422236,0
375,1.824139745279134,0
376,1.8541785880624986,0
377,1.9137095128613513,0
378,1.9922559671448719,0
379,2.0009919690338522,0
380,1.9526452213346914,0
381,1.9750608445869977,0
382,1.970358572460382,0
383,1.9832612012226905,0
384,1.9670911431593563,0
385,1.9974235123014832,0
386,2.0062575788059673,0
387,1.98068603087249,0
388,1.9867101935654663,0
389,1.991984994314263,0
390,1.947749062315562,0
391,1.9728257598839687,0
392,1.9089653655565293,0
393,1.9462129690253622,0
394,1.9255842298626458,0
395,1.88761644741376,0
396,1.8926891456337782,0
397,1.8804971609680665,0
398,1.837720367768632,0
399,1.7959431824107746,0
400,1.8024990831046988,0
401,1.8572594311806017,0
402,1.8155736532742575,0
403,1.7972946815307378,0
404,1.7666168846329493,0
405,1.7635404076497663,0
406,1.779284310169566,0
407,1.766115269484518,0
408,1.728956522894001,0
409,1.7497034730168064,0
410,1.7034087930107809,0
411,1.664976762452508,0
412,1.6395211508527896,0
413,1.6062228656928692,0
414,1.567365896477358,0
415,1.57034209869041,0
416,1.5437204794570647,0
417,1.502665251300884,0
418,1.4837118520074455,0
419,1.4425641333808252,0
420,1.4289753834000551,0
421,1.4222185895136745,0
422,1.4466200940079494,0
423,1.3884093240759126,0
424,1.3765097773928914,0
425,1.360971303699172,0
426,1.3445035868400796,0
427,1.3026672428776553,0
428,1.3058509245868255,0
429,1.295072288938389,0
430,1.302961280728464,0
431,1.2690045282503306,0
432,1.2751720279633454,0
433,1.2279305266629688,0
434,1.2082715718063517,0
435,1.2201676597230764,0
436,1.20116016739804,0
437,1.1917813523876861,0
438,1.166958067049565,0
439,1.1543157125974732,0
440,1.1618896266887604,0
441,1.1530776728441907,0
442,1.1419286532807607,0
443,1.1833227452648685,0
444,1.2013587592175363,0
445,1.1578799938315314,0
446,1.1314614279763053,0
447,1.1628740180555643,0
448,1.1286061916732961,0
449,1.1698967248374221,0
450,1.2159667467669795,0
451,1.2126818800151276,0
452,1.1924751956429491,0
453,1.1539408822773247,0
454,1.1364408732633193,0
455,1.128558315493653,0
456,1.097046235121781,0
457,1.1163984461969476,0
458,1.0861279665219787,0
459,1.1254912554079919,0
460,1.1109467605779195,0
461,1.1407427470474685,0
462,1.137012721589914,0
463,1.1242651335564415,0
464,1.0846141017572728,0
465,1.0816820243354266,0
466,1.1142538912272222,0
467,1.1167078136463144,0
468,1.0599980948395669,0
469,1.0196859944550452,0
470,1.0313191382499325,0
471,1.0293499299396498,0
472,1.0051517037035251,0
473,1.0309665125438128,0
474,1.0431700615806185,0
475,1.0485850291349605,0
476,1.0495520863159216,0
477,1.0579447366103842,0
478,1.0415487873290996,0
479,1.0279391836784542,0
480,1.0426294036373904,0
481,1.099501802801096,0
482,1.0278738381098143,0
483,1.0206902128519986,0
484,0.9965437291481101,0
485,1.003895917631511,0
486,1.0338020476210674,0
487,1.0134418403770458,0
488,0.9775338524195066,0
489,0.9877539600382477,0
490,0.9839964465806865,0
491,0.9846310558988656,0
492,0.9608010831512438,0
493,0.968663201327055,0
494,0.9627184400700787,0
495,0.9527471550630328,0
496,0.938566169184016,0
497,0.9792140225211236,0
498,0.9452833530100098,0
499,0.9512971598303318,0
500,1.046504728407853,0
501,1.0183846905032967,0
502,1.0050043427448898,0
503,1.0285373069265045,0
504,1.029508556416419,0
505,0.9771533923876998,0
506,0.9982992278800962,0
507,0.9919512489124569,0
508,0.9832931431421881,0
509,0.9937724092842036,0
510,1.0055717782400773,0
511,0.9912493788825705,0
512,0.9631986681726182,0
513,0.9524648040841893,0
514,0.9129733610508914,0
515,0.96072475981572,0
516,0.8995224983909141,0
517,0.8973982905458535,0
518,0.9125611636691633,0
519,0.9107539979189198,0
520,0.9378123815389959,1
521,0.9117369477445922,1
522,0.9163625841466954,1
523,0.9020469910214765,1
524,0.8959230994056924,1
525,0.8661348321720401,1
526,0.9086532036060628,1
527,0.9125451778138178,1
528,0.9244180247330482,1
529,0.9160287325271677,1
530,0.9134821950329053,1
531,0.9301582204266492,1
532,0.9248259795224147,1
533,0.9002793686775181,1
534,0.8812663588528465,1
535,0.9015151384640973,1
536,0.8964617200182631,1
537,0.8834491402676089,1
538,0.90385030200921,1
539,0.9256669437435425,1
540,0.8619115361588077,1
541,0.8941774252224947,1
542,0.8664490968274904,1
543,0.8673497311229296,1
544,0.9062435705207658,1
545,0.8344048761906971,1
546,0.8203113425938311,1
547,0.8573825798170137,1
548,0.834434257808568,1
549,0.8431694223865006,1
550,0.8265752391155717,1
551,0.8249642607302821,1
552,0.8005762022477069,1
553,0.813275772381299,1
554,0.8549136278924978,1
555,0.8425457314864766,1
556,0.8040007244182229,1
557,0.7891930786836702,1
558,0.7877967664561808,1
559,0.7989424312028445,1
560,0.8145760052714075,0
561,0.8566671729539441,0
562,0.8554674859262262,0
563,0.8293149505815113,0
564,0.8408171448461023,0
565,0.8829336540265229,0
566,0.8664985052379502,0
567,0.8501110272061109,0
568,0.8043277553019637,0
569,0.8316721579983175,0
570,0.8442344662409432,0
571,0.8891623213026002,0
572,0.870510388433618,0
573,0.9126625263322685,0
574,0.9467702373261714,0
575,0.9317261341315846,0
576,0.874377296957984,0
577,0.8871376342744138,0
578,0.8790673666167627,0
579,0.853740354399796,0
580,0.8806677042857171,0
581,0.9293873760348212,0
582,0.9129896211246464,0
583,0.8877279665581522,0
584,0.9110160066981406,0
585,0.9469137409013436,0
586,0.9291334851553223,0
587,0.9166817640656401,0
588,0.8785976321963135,0
589,0.8777859617242241,0
590,0.8612766043788997,0
591,0.8428752995229206,0
592,0.8695956952235228,0
593,0.8525485603119948,1
594,0.8520783598771752,1
595,0.8869810002246922,1
596,0.9250627119427058,1
597,0.8624179506347148,1
598,0.8336344374887871,1
599,0.8167675610664981,1
600,0.8074265088610221,1
601,0.8021937272201783,1
602,0.8751082010814096,1
603,0.8513253268644373,1
604,0.8880088524756865,1
605,0.8794881392936155,1
606,0.8792128367573272,1
607,0.8792082741816191,1
608,0.9226152549281137,1
609,0.896104303708959,1
610,0.8748441970294082,1
611,0.8603545355823836,1
612,0.8859420774221664,1
613,0.8981380503844983,1
614,0.8839227048713997,1
615,0.8822741673356499,1
616,0.8153706962866473,1
617,0.865658918959766,1
618,0.8434914093841038,1
619,0.8417483091593071,1
620,0.8160417487154643,1
621,0.8447204398932131,1
622,0.8166022463961922,1
623,0.8749581672044037,1
624,0.834727580486454,0
625,0.8370125899166944,0
626,0.817608263492174,0
627,0.8455172220194987,0
628,0.847558234987287,0
629,0.859451720260028,0
630,0.8088226118085523,0
631,0.8241253834899607,0
632,0.7869415279145482,0
633,0.815829925582681,0
634,0.7965243825519458,0
635,0.8189523024516446,0
636,0.797815761122817,0
637,0.7846392869672136,0
638,0.7960478983935897,0
639,0.7863256605803395,0
640,0.8045465670858934,0
641,0.8455812628590602,0
642,0.8266096077863557,0
643,0.831994091314024,0
644,0.7748636496858597,0
645,0.8411349585628797,0
646,0.8324888351199863,0
647,0.8190069913738154,0
648,0.8173479228597784,0
649,0.8514178839025497,0
650,0.8272198586608596,0
651,0.8405681030530198,0
652,0.8454622358035466,0
653,0.8453987668907089,0
654,0.8307677837832899,0
655,0.8348790807766172,0
656,0.870088301281774,0
657,0.8596884685265305,0
658,0.8416612883959387,0
659,0.8511802795791051,0
660,0.8564329772934034,0
661,0.8286783377730116,0
662,0.8312308995712914,0
663,0.847715217161669,0
664,0.8349661422538525,0
665,0.8634037727138214,0
666,0.8261443838518379,0
667,0.8607064179308824,0
668,0.8880586980182736,0
669,0.9012942378399778,0
670,0.9109805916595735,0
671,0.9485579857807643,0
672,0.9236059630424514,0
673,0.8918304344999002,0
674,0.8880732406475638,0
675,0.8748858836099725,0
676,0.8878596649441983,0
677,0.9687895314307848,0
678,0.9316357465883471,0
679,0.9180809629033243,0
680,0.8776509711917128,0
681,0.8776098822023957,0
682,0.9075399506501661,0
683,0.8574579235911588,0
684,0.8588864749696852,0
685,0.8981444496173667,0
686,0.8716193938953201,0
687,0.882183171774728,0
688,0.9051648787068683,0
689,0.877778781845935,1
690,0.901707684291436,1
691,0.9076294297485296,1
692,0.9204531441958018,1
693,0.9014712199335895,1
694,0.8721799393172109,1
695,0.8512461615202503,1
696,0.9129474357425359,1
697,0.8505356117248564,1
698,0.8552025087850919,1
699,0.8488628220152991,1
700,0.8612231988643951,1
701,0.8514900025754552,1
702,0.8327046615295475,1
703,0.8845563981577969,1
704,0.9175433252807079,1
705,0.9088104682086604,1
706,0.9195509669959772,0
707,0.8925700235267229,0
708,0.87508592082525,0
709,0.8731465675633919,0
710,0.905933611047649,0
711,0.8961460182991431,0
712,0.8806183757698756,0
713,0.8916876569777522,0
714,0.9093452738862554,0
715,0.937314978027305,0
716,0.9078671645218965,0
717,0.9154765260552101,0
718,0.9514362601029188,0
719,0.9976266226904602,0
720,1.0077323712591102,0
721,0.9792543253387384,0
722,1.0032674693277595,0
723,0.896445554360376,0
724,0.9102858099869005,0
725,0.9374422055593967,0
726,0.9299485815636256,0
727,0.9163227550090768,0
728,0.9781445694689741,0
729,0.9705483937234212,0
730,0.9543807166651197,0
731,0.9495605468425188,0
732,0.9708714171256002,0
733,0.9418868451404654,0
734,0.9531242656246323,0
735,0.9544568441156553,0
736,0.9608726389834354,0
737,0.98080093242997,0
738,1.0103474630860108,0
739,1.0328822604736403,0
740,1.0529425395510648,0
741,1.017743002055171,0
742,1.051596287477126,0
743,1.1079549223429703,0
744,1.1240718192126868,0
745,1.0658814695413086,0
746,1.0628656207786873,0
747,1.0401119534343037,0
748,1.0380621220544697,0
749,1.0105650786246905,0
750,1.0503932360652997,0
751,1.0695191911501163,0
752,1.099333458681668,0
753,1.0359782209191766,0
754,1.1310023859267972,0
755,1.126782497029228,0
756,1.1008721560743804,0
757,1.1181563209820462,0
758,1.148096537120006,0
759,1.1129349368277592,0
760,1.136135490152836,0
761,1.174379995242598,0
762,1.1897706329906113,0
763,1.191095619026153,0
764,1.2386154516561492,0
765,1.2049514982754475,0
766,1.1786567353519974,0
767,1.2418742085477426,0
768,1.2127965994780965,0
769,1.248774121036502,0
770,1.1733792829783327,0
771,1.2198004598874481,0
772,1.2473301325596757,0
773,1.2307755376840364,0
774,1.2176841802751592,0
775,1.2267726003318338,0
776,1.2311357865660681,0
777,1.2278722629683598,0
778,1.2443702243584707,0
779,1.2614075050845692,0
780,1.2238909497463573,0
781,1.2497043931903404,0
782,1.2534482795330077,0
783,1.2367122324105466,1
784,1.2919005132148988,1
785,1.2746233439940629,1
786,1.2268622842648618,1
787,1.1984490321442574,1
788,1.236432154137028,1
789,1.1692893245787217,1
790,1.179695646866668,1
791,1.164550231659166,1
792,1.1883011541439064,1
793,1.1408730618064669,1
794,1.117624851051381,1
795,1.099575401951254,1
796,1.0704011309481292,1
797,1.0875708059863542,1
798,1.073140090593823,1
799,1.1151658668348634,1
800,1.1287346541466072,1
801,1.1541673368970995,1
802,1.109642267633485,1
803,1.0757992602063726,1
804,1.0666869486782267,1
805,1.0670996023691992,1
806,1.0753267943661857,1
807,1.0369538256992776,1
808,1.0142226704843404,1
809,0.9889535988577679,0
810,0.9496775002187826,0
811,0.9593803512815877,0
812,0.9296367189775919,0
813,0.9358252151591688,0
814,0.9291194521980228,0
815,0.9628306484355533,0
816,0.9438470914801707,0
817,0.953415987910597,0
818,0.9671483364382181,0
819,0.9757103449366595,0
820,1.0012807716338499,0
821,1.0098191415894837,0
822,1.0039413342571872,0
823,1.0516310270530351,0
824,1.0481870767338264,0
825,1.0264704600987193,0
826,0.9520198200291387,0
827,0.9610841359786712,0
828,0.9738889244323854,0
829,0.9809677095494684,0
830,1.008933227691992,0
831,1.0318638855574565,0
832,1.0107620686713008,0
833,1.0567260265421081,0
834,1.0487161172407788,0
835,1.014733806794001,0
836,1.0134867293490148,0
837,1.0006921904911892,0
838,0.9963289694892463,0
839,0.9937412751616416,0
840,0.9678403771700455,0
841,0.9622085430753923,0
842,0.9457283555303153,0
843,0.9852596144722293,0
844,1.0003920227200815,0
845,0.9821434179973121,0
846,1.0053690916421838,0
847,1.0236418453046374,0
848,1.0246737598316304,0
849,1.0119983719262764,0
850,0.9875926462999657,0
851,0.996671460601968,0
852,1.0194315694228875,0
853,0.9693635129143354,0
854,0.9904838003896563,0
855,0.9994350756790913,0
856,1.026943437876342,0
857,1.046373493865652,0
858,1.0606091274812282,0
859,1.0927163310392287,0
860,1.0945395153025166,0
861,1.1339661257918614,0
862,1.15445405330656,0
863,1.132245731266883,0
864,1.116254893010702,0
865,1.1339137297189152,0
866,1.1347091078870999,0
867,1.127968608195572,0
868,1.1191006870534335,0
869,1.0755690456037013,0
870,1.1204010926157582,0
871,1.1078585465853898,0
872,1.100454076386114,0
873,1.1070785274207813,0
874,1.097141627941083,0
875,1.0798337218720164,0
876,1.1391636333069444,0
877,1.086723411649552,0
878,1.1063975160021746,0
879,1.1051506585468733,0
880,1.120810631429703,0
881,1.1319934841187171,0
882,1.1325000711522935,0
883,1.1601500076230349,0
884,1.1856451199951206,0
885,1.174150072166816,0
886,1.1596781775735594,0
887,1.1516661648983906,0
888,1.1201711827513314,1
889,1.1519866160272225,1
890,1.1070820400636532,1
891,1.1313534883067302,1
892,1.1513659671689052,1
893,1.1057682541440756,1
894,1.0850793555452254,1
895,1.0699780200635427,1
896,1.0754132871692212,1
897,1.074983462571221,1
898,1.0954076256269825,1
899,1.0605115631958892,1
900,1.0566889342945487,1
901,1.0462718039091476,1
902,1.0935908019666,1
903,1.0631046565840794,1
904,1.0412691381098267,1
905,1.0356804441355836,1
906,1.0172919548182298,1
907,0.9927943664651745,1
908,0.996760316004565,1
909,0.982416252149128,1
910,0.9704719151779422,1
911,0.9956449179959627,1
912,0.979486478907278,1
913,0.9365241302477807,1
914,0.9349718637621838,1
915,0.9427321058719402,1
916,0.9718716509492066,1
917,0.9663041238815427,1
918,0.9173339476118065,1
919,0.9294629793829465,0
920,0.957480378425602,0
921,0.9586913254313133,0
922,0.9364233618530584,0
923,0.9440136597716932,0
924,0.9212338736273956,0
925,0.8720911880457629,0
926,0.9294055186067208,0
927,0.9253423006472731,0
928,0.877278253318397,0
929,0.9038935007962934,0
930,0.9143504426492689,0
931,0.8988795236232292,0
932,0.9149215335409826,0
933,0.9182787576572673,0
934,0.9346543348528636,0
935,0.927721970311046,0
936,0.935385560808103,0
937,0.9179612810028148,0
938,0.9275855780499519,0
939,0.9200400512504257,0
940,0.9160464205555682,0
941,0.9439154499193362,0
942,0.9086233342390257,0
943,0.8888113696532596,0
944,0.8631420283076461,0
945,0.8707053955875382,0
946,0.896823809149176,0
947,0.9260391940116234,0
948,0.8950764031340823,0
949,0.86689249833542,0
950,0.8723250569336544,0
951,0.8946481794933433,0
952,0.9104728329018557,0
953,0.9286147976139822,0
954,0.9214043362971142,0
955,0.902844672146122,0
956,0.8660862397840524,0
957,0.8865466845599859,0
958,0.8838828472177657,0
959,0.8998408563738625,0
960,0.8921367695140678,0
961,0.9084200056106532,0
962,0.9283591900675878,0
963,0.9605226584155429,0
964,0.9300040674532271,0
965,0.9377497774723819,0
966,0.9411800781979974,0
967,0.9278665446936167,0
968,0.949899787569099,0
969,0.9362173035032987,0
970,0.9331783843715351,0
971,0.9268817555561932,0
972,0.9174329884692326,0
973,0.8995115400508874,1
974,0.9145437150342296,1
975,0.8643928390415908,1
976,0.9128115178298967,1
977,0.9352914454513586,1
978,0.9295109680868214,1
979,0.9405381594041279,1
980,0.9374132481207762,1
981,0.9398937050339435,1
982,0.9118954683484489,1
983,0.9356213804502566,1
984,0.9357081185762028,1
985,0.9419025089083914,1
986,0.9410834034907709,1
987,0.925566145720185,1
988,0.9457217675288566,1
989,0.9136597275657081,1
990,0.9330962514687344,1
991,0.9053074928366555,1
992,0.9326320663398455,1
993,0.9080934591335533,1
994,0.898026955155025,1
995,0.9314528915844741,1
996,0.91070023578623,1
997,0.9028753111555416,1
998,0.8758911117724566,1
999,0.8843158510372858,1
1000,0.8843629211672379,1
1001,0.9084656907991829,1
1002,0.8693265739118877,1
1003,0.8956784793439708,1
1004,0.8894527194882547,0
1005,0.8824268538472211,0
1006,0.9003677438108988,0
1007,0.9094407565308583,0
1008,0.9349977368724189,0
1009,0.9387710993941817,0
1010,0.9086106567355645,0
1011,0.9317511926575177,0
1012,0.9363518648263789,0
1013,0.9168489370103111,0
1014,0.9141818379670178,0
1015,0.879106654189869,0
1016,0.8735071049479954,0
1017,0.9019284137547708,0
1018,0.8677937853564329,0
1019,0.8480341046211491,0
1020,0.8988396560573266,0
1021,0.9477584162427481,0
1022,0.9413836670452533,0
1023,0.9481867107212948,0
1024,0.9616842567327248,0
1025,0.9477352256884758,0
1026,0.9430897925614449,0
1027,0.9384564218759557,0
1028,0.9515195207867843,1
1029,0.9550674513965327,1
1030,0.9444258490068318,1
1031,0.9547049210376687,1
1032,0.9470155736718986,1
1033,0.919377971302617,1
1034,0.9266438577954669,1
1035,0.8939682326043533,1
1036,0.9300670798995875,1
1037,0.9779033751193836,1
1038,0.9344910362147876,1
1039,0.9525294913148503,1
1040,0.9474488174013613,1
1041,0.9496498819486692,1
1042,0.9434594678921984,1
1043,0.9420962120280718,1
1044,0.9518007348358426,1
1045,0.9295294968639412,1
1046,0.9413400967659874,1
1047,0.9475658051022299,1
1048,0.9262822468811642,1
1049,0.944820135994644,1
1050,0.912806860649967,1
1051,0.9084033651733296,1
1052,0.9619457630749408,1
1053,0.9863129945194209,1
1054,0.9679098416587932,1
1055,0.9811086796550841,1
1056,0.9832811392895293,1
1057,0.9586476325541415,1
1058,0.9425913125876888,1
1059,0.9568370145174144,1
1060,0.9306025847324454,1
1061,0.9348379866912075,1
1062,0.9580194593504159,1
1063,0.9616859354448232,1
1064,0.9408982877012271,1
1065,0.9332776642470229,1
1066,0.9662807057986779,1
1067,0.9607637042900544,1
1068,0.9109389695055677,1
1069,0.9988364989721477,1
1070,0.9589794783025354,0
1071,0.9767872882035049,0
1072,0.9793643639003189,0
1073,0.9413597795369594,0
1074,0.9488028090551777,0
1075,0.9948494592336177,0
1076,0.9875893529067551,0
1077,0.991827500835467,0
1078,1.0045847691133654,0
1079,1.014487304582189,0
1080,0.9789502438941714,0
1081,0.9974388610859687,0
1082,1.0116429155486,0
1083,1.0355678068141532,0
1084,0.9773891288092216,0
1085,0.9887066422008953,0
1086,1.0308457322036808,0
1087,1.0455107696741373,0
1088,1.060067131900359,0
1089,1.0628043301786736,0
1090,1.0458980704543797,0
1091,1.0497657525587643,0
1092,1.083603775766458,0
1093,1.095407423889728,0
1094,1.087268075880736,0
1095,1.1045059654748388,0
1096,1.1250342027489801,1
1097,1.1147817793613808,1
1098,1.090130747813597,1
1099,1.1144582990922016,1
1100,1.113415349377577,1
1101,1.1286102822904012,1
1102,1.1291755859711363,1
1103,1.1467972054730668,1
1104,1.1211007271773463,1
1105,1.0973918360623496,1
1106,1.0741295272035492,1
1107,1.1102656486243616,1
1108,1.064703172143115,1
1109,1.082375752575858,1
1110,1.1086235602322951,1
1111,1.1237129818829346,1
1112,1.1232029776189396,1
1113,1.1337792579409334,1
1114,1.125517751864261,1
1115,1.139651552546701,1
1116,1.1528078210528785,1
1117,1.1758264193794192,1
1118,1.1580267351915248,1
1119,1.1254982796786028,1
1120,1.1468500688200904,1
1121,1.1735114794326567,1
1122,1.1593852202264723,1
1123,1.180255003998632,1
1124,1.1276226850521103,1
1125,1.107640500912778,1
1126,1.1294288558627876,1
1127,1.1244192870495688,1
1128,1.140629574531953,1
1129,1.1148893013961083,1
1130,1.1399332628003647,1
1131,1.1285311325914336,1
1132,1.141647554268286,1
1133,1.1644892095906427,1
1134,1.1616551222449027,1
1135,1.139083506458306,1
1136,1.159585697516886,1
1137,1.1715179825411195,1
1138,1.1920448966473334,1
1139,1.203389835584246,1
1140,1.1914903155490313,1
1141,1.1616047932890385,1
1142,1.1849135936277981,1
1143,1.1579708091616436,1
1144,1.1538666676279212,1
1145,1.1509854928644165,1
1146,1.180965261980761,1
1147,1.1811959610277722,1
1148,1.171576772721841,1
1149,1.1796808767274896,1
1150,1.1881780442767498,1
1151,1.1548585215781884,1
1152,1.1464300191060408,1
1153,1.1471818107431104,1
1154,1.1507736956096632,1
1155,1.1518299435297328,0
1156,1.1692862640019561,0
1157,1.1611585344040336,0
1158,1.1848617561235546,0
1159,1.157193745378682,0
1160,1.1724983719148865,0
1161,1.170678933611391,0
1162,1.1926567887952324,0
1163,1.1743957358874935,0
1164,1.1935815671135965,0
1165,1.2298510858667495,0
1166,1.2054868561080256,0
1167,1.2335684497331396,0
1168,1.2370820910835958,0
1169,1.2710682006131662,0
1170,1.2675189868970478,0
1171,1.28384859576808,0
1172,1.276071936516937,0
1173,1.2783991678050877,0
1174,1.2897537345134842,0
1175,1.2917098122667596,0
1176,1.3165476726137935,0
1177,1.317092166661851,0
1178,1.2984944917041807,0
1179,1.3362233878401804,0
1180,1.3082603918865634,0
1181,1.3185235159219857,0
1182,1.3235982193773423,0
1183,1.3529049662107808,0
1184,1.3744278799904905,0
1185,1.377689989389432,0
1186,1.3965106212883207,0
1187,1.3928886888809164,0
1188,1.3854986834164467,0
1189,1.403640078540813,0
1190,1.382061073089004,0
1191,1.4046398924102732,0
1192,1.4638687399794168,0
1193,1.4917069198274366,0
1194,1.420276138742975,0
1195,1.4756182718270099,0
1196,1.5558354612960177,0
1197,1.5421744874686782,0
1198,1.5933106392948517,0
1199,1.615420761877487,0
1200,1.6424886099262896,0
1201,1.638992077213813,0
1202,1.6620231721639211,0
1203,1.6721583289140893,0
1204,1.6556425082194715,0
1205,1.6704396083715387,0
1206,1.694011828508771,0
1207,1.7271234656361183,0
1208,1.7661550627042646,0
1209,1.777094954286019,0
1210,1.839799172211226,0
1211,1.8727693267846985,0
1212,1.8660647631938247,0
1213,1.8954652598643498,0
1214,1.9611717508219535,0
1215,1.9750809378508325,0
1216,1.9729387645752368,0
1217,2.030782121368776,0
1218,2.0673962039314615,0
1219,2.0499897971600833,0
1220,2.084907806230455,0
1221,2.0803368720345095,0
1222,2.081408432863418,0
1223,2.1214367057168237,0
1224,2.16693550642565,0
1225,2.1693935215968585,1
1226,2.2082301321318245,1
1227,2.2091515889758266,1
1228,2.203232661572033,1
1229,2.2784741415507654,1
1230,2.329225755893016,1
1231,2.3369889762194402,1
1232,2.4314732342530943,1
1233,2.453741049737753,1
1234,2.467736183405391,1
1235,2.5536165377125486,1
1236,2.584287986837988,1
1237,2.5763781776537136,1
1238,2.56363092819362,0
1239,2.540860687968847,0
1240,2.5391874737786955,0
1241,2.595081546966548,0
1242,2.663475303351464,0
1243,2.6631971334468534,0
1244,2.7258253421709924,0
1245,2.77757867891072,0
1246,2.776239349978533,0
1247,2.8186902838923116,0
1248,2.880643817877847,0
1249,2.947648154382523,0
1250,3.0111787753652424,0
1251,3.0581939716812903,0
1252,3.0895506357842266,0
1253,3.1596423383053027,0
1254,3.1751942382204605,0
1255,3.202446784910123,0
1256,3.259525761148429,0
1257,3.309775179004357,0
1258,3.3430098000031867,0
1259,3.382385932799616,0
1260,3.452224137618305,0
1261,3.470841262532432,0
1262,3.5230921864433022,0
1263,3.6066626340444885,0
1264,3.737734556542362,0
1265,3.831031096284135,0
1266,3.838501116866587,0
1267,3.871462706794989,0
1268,4.004371977515216,0
1269,4.031222310710801,0
1270,4.082483870948885,0
1271,4.1372441050452515,0
1272,4.203942665148632,0
1273,4.218430290182371,0
1274,4.300548242659482,0
1275,4.329238534085658,0
1276,4.392932670151342,0
1277,4.324730740848056,0
1278,4.364003056748925,1
1279,4.359850717457809,1
1280,4.319151004780319,1
1281,4.300843601555553,1
1282,4.261111304949477,1
1283,4.147752434153531,1
1284,4.0789206415497175,1
1285,3.997972695326149,1
1286,3.985117712038184,1
1287,3.887683874651108,1
1288,3.8032569682915645,1
1289,3.726273751285299,1
1290,3.602660619104842,1
1291,3.559417491383867,1
1292,3.4900278487699374,0
1293,3.3762688563686756,0
1294,3.362538495413563,0
1295,3.296819775139285,0
1296,3.2497149206449376,0
1297,3.128302014567758,0
1298,3.041052455893522,0
1299,3.0135183798451117,0
1300,2.892272911449501,0
1301,2.8457376554763547,0
1302,2.8203740624485403,0
1303,2.7945595943159005,0
1304,2.7037225303545696,0
1305,2.6534411469034933,0
1306,2.6136688327677255,0
1307,2.612557755574572,0
1308,2.558952742472091,0
1309,2.557695747275734,0
1310,2.515213767350117,0
1311,2.4319553888783036,0
1312,2.390834052847698,0
1313,2.3396436966293193,0
1314,2.307711565732605,0
1315,2.24521497468475,0
1316,2.231255833073723,0
1317,2.2408604445718714,0
1318,2.198220281960739,0
1319,2.1492413928706116,0
1320,2.1428272534051054,0
1321,2.179995559974657,0
1322,2.1436030238126014,0
1323,2.147884052594137,0
1324,2.1479539092240363,0
1325,2.1015528676881785,0
1326,2.0928989403736886,0
1327,2.091004145103042,0
1328,2.080098972428898,0
1329,2.0480592510608946,0
1330,2.012126975347006,0
1331,2.008380780253988,0
1332,1.9998124386539304,0
1333,1.991654060805189,0
1334,1.988507881614543,0
1335,1.954255162340866,0
1336,1.9375948115583566,0
1337,1.895431911083558,0
1338,1.901602271040947,0
1339,1.879480424391347,0
1340,1.852100601318759,1
1341,1.846206584330948,1
1342,1.8084183979785105,1
1343,1.7502767961529182,1
1344,1.7685593137205415,1
1345,1.7107538533279143,1
1346,1.67910245088278,1
1347,1.6821917520332241,1
1348,1.6682485440663697,1
1349,1.6743864694717832,1
1350,1.6441827197698584,1
1351,1.6360238755691912,1
1352,1.5894210720117206,1
1353,1.5237572633896885,1
1354,1.5196313636181893,0
1355,1.5162658015305825,0
1356,1.4774673385120514,0
1357,1.4847289724516939,0
1358,1.4448346514227655,0
1359,1.4162210537024844,0
1360,1.388261055523677,0
1361,1.439185370546658,0
1362,1.4233768571611385,0
1363,1.383902962026086,0
1364,1.3574490169123175,0
1365,1.3879303086595898,0
1366,1.3749187286428424,0
1367,1.377752298830978,0
1368,1.345588265586032,0
1369,1.3600523666121456,0
1370,1.3226644196199833,0
1371,1.314284836850108,0
1372,1.3208931720154535,0
1373,1.260608209182844,0
1374,1.332385668880789,0
1375,1.3074602515208373,0
1376,1.2704725258954401,0
1377,1.2602584251104934,0
1378,1.2825460134487139,0
1379,1.2257739482478645,0
1380,1.2699270670610188,0
1381,1.2432342416901936,0
1382,1.2059287929627944,0
1383,1.2286963656483214,0
1384,1.189122668313319,0
1385,1.1906680777735137,0
1386,1.1880636076494877,0
1387,1.1582154087088503,0
1388,1.1916653652855684,0
1389,1.1885383321361,0
1390,1.1846627684435718,0
1391,1.1732744221883558,0
1392,1.1763097147076509,0
1393,1.168521107708182,0
1394,1.153248690111252,0
1395,1.1276805172883704,0
1396,1.138915173873931,0
1397,1.121239089809061,0
1398,1.1004385902108247,0
1399,1.1128323044950756,1
1400,1.1376607612615282,1
1401,1.1194513933095946,1
1402,1.1421237223552,1
1403,1.1268692989327704,1
1404,1.1337463024751966,1
1405,1.1231636188915022,1
1406,1.1057251229079144,1
1407,1.0952514603076469,1
1408,1.1096818977870715,1
1409,1.1090098199503717,1
1410,1.1243725263298698,1
1411,1.078770451773116,1
1412,1.0778279680499583,1
1413,1.1056431577747055,1
1414,1.1030579068381552,1
1415,1.0775733892493675,1
1416,1.063385283972795,1
1417,1.0890001064600408,1
1418,1.0494710681730843,1
1419,1.0433292992462786,1
1420,1.0482556337075828,1
1421,1.050685833902529,0
1422,1.065090926539482,0
1423,1.0560035476454,0
1424,1.035539941260246,0
1425,1.0502751690068666,0
1426,1.0549298279922301,0
1427,1.021749340430596,0
1428,1.0056382984322363,0
1429,1.0176194038344308,0
1430,1.0367417952457378,0
1431,1.0357661245053904,0
1432,0.9725206144015714,0
1433,0.9885434006786233,0
1434,1.0263845705387302,0
1435,1.0638622003359257,0
1436,1.0772178040640097,0
1437,1.0626921943783618,0
1438,1.0735606606468677,0
1439,1.0983693794229255,0
1440,1.0888414401211224,0
1441,1.057378382088374,0
1442,1.0689223962746428,0
1443,1.0651357308270983,0
1444,1.0712823931993354,0
1445,1.0808705789013,0
1446,1.0798161605678505,0
1447,1.0576731117819058,0
1448,1.0716081224510863,0
1449,1.0552446257030224,0
1450,1.049413568697291,0
1451,1.0724901636625785,0
1452,1.0864871730966916,0
1453,1.0514188247344638,0
1454,1.0484463022998691,0
1455,1.0478926755429816,0
1456,1.0729336945347345,0
1457,1.0750724849217317,0
1458,1.1033899091098225,0
1459,1.0797359094977246,0
1460,1.0659219340591883,0
1461,1.0610406770931167,0
1462,1.0780716680370517,0
1463,1.0731925290236022,0
1464,1.077397179125061,0
1465,1.0781709019160928,0
1466,1.1271273653759613,0
1467,1.1167457721965188,0
1468,1.1323866474805562,0
1469,1.1045308280095127,0
1470,1.124615556403338,0
1471,1.1535069352236702,0
1472,1.0949116569350408,0
1473,1.1156601431669992,0
1474,1.1298295828430525,0
1475,1.1338563714195318,0
1476,1.1057761729035827,0
1477,1.1527673022453735,0
1478,1.196335137793548,0
1479,1.1657744852671839,0
1480,1.1419821816437656,0
1481,1.1354761709681116,0
1482,1.179039428359677,0
1483,1.1708914034437967,0
1484,1.1656175543207643,0
1485,1.148594659371944,0
1486,1.1331690468078643,0
1487,1.1469050568374044,0
1488,1.1196925841346086,0
1489,1.1545473018648884,0
1490,1.1347564842183708,0
1491,1.1602951453442425,0
1492,1.124058726218673,0
1493,1.112277488500097,0
1494,1.1200135225464452,0
1495,1.0701526832096617,0
1496,1.0805191457606593,0
1497,1.087510966080479,0
1498,1.0961045844928938,0
1499,1.1105661238937343,0
1500,1.1169164841932546,0
1501,1.1418123214051603,0
1502,1.113583058024377,0
1503,1.1234407719710513,0
1504,1.0961026736777884,0
1505,1.1020885811544807,0
1506,1.0959394629113972,0
1507,1.1586176848399525,0
1508,1.1207421778018736,0
1509,1.1332200905949534,0
1510,1.1089050977517652,0
1511,1.098732135580388,0
1512,1.1261732536602218,0
1513,1.1422771447206967,0
1514,1.1488077234012886,0
1515,1.1213164771261352,0
1516,1.0892196436142458,0
1517,1.1023533214410304,0
1518,1.0663418654991752,0
1519,1.0826548067800597,0
1520,1.1048491459315033,0
1521,1.1058486225942266,1
1522,1.079888142304187,1
1523,1.036268583499741,1
1524,1.0284345691229828,1
1525,1.046855691635333,1
1526,1.0387231669231907,1
1527,1.0379888988792831,1
1528,1.0508860185511413,1
1529,1.0686707145122505,1
1530,1.0352062916006888,1
1531,1.0654263110919888,1
1532,1.0263500093348932,1
1533,1.0069378135958065,1
1534,1.0306645455491672,1
1535,1.0658643307986038,1
1536,1.054678362067964,1
1537,1.055701776503999,1
1538,1.037035881110909,1
1539,1.00084273009071,1
1540,0.9917091280949891,1
1541,0.999524811572387,1
1542,0.9910003237490154,1
1543,0.9929159008232835,1
1544,0.9608418953712565,1
1545,0.988921834999891,1
1546,0.9835530292775481,1
1547,1.005895654924079,1
1548,1.0289291339823436,1
1549,1.0072421728314953,1
1550,1.0002133242965936,1
1551,0.988857468709376,1
1552,0.9661358192094985,1
1553,1.0065453288852095,0
1554,0.9884454353663664,0
1555,0.9747822376756422,0
1556,0.9887612505335326,0
1557,0.9903728355870327,0
1558,0.9564926806275243,0
1559,0.9620410652160224,0
1560,0.9905425001497926,0
1561,0.9739431486883108,0
1562,0.9895670457284272,0
1563,0.9922356964147585,0
1564,0.9601510454619212,0
1565,0.967508013112047,0
1566,0.9681311880335163,0
1567,0.9521797895651788,0
1568,0.9781621138029187,0
1569,0.9918705663441203,0
1570,0.9887799925509535,0
1571,0.9723596347300089,0
1572,0.9888694335307666,0
1573,0.9924955575894946,0
1574,0.9993228501651128,0
1575,1.0039674284736946,0
1576,0.9993851021705344,0
1577,0.9989912391466429,1
1578,0.9998281010463156,1
1579,0.9671936394286694,1
1580,0.9428823310703454,1
1581,0.9753151960525487,1
1582,0.9669961834615006,1
1583,0.9590792192960628,1
1584,0.9776988890194647,1
1585,0.9654937200351602,1
1586,0.9808087525748329,1
1587,0.978672453639221,1
1588,0.9684361433650333,1
1589,0.9613948829494716,1
1590,0.9649227698841363,1
1591,0.9561547282464602,1
1592,0.9712938613301217,1
1593,0.9780469540626301,1
1594,0.9402938151927612,1
1595,0.9508894190553563,1
1596,0.9184107257296403,1
1597,0.9106175222435946,1
1598,0.9391897171540389,1
1599,0.9758128267706617,1
1600,0.9646715130832232,1
1601,1.0140938141146398,1
1602,0.9677114492240817,1
1603,0.9670069956929129,1
1604,0.9609183506864647,1
1605,0.9138628052002304,1
1606,0.9310549550527243,1
1607,0.9414947895000684,1
1608,0.9350143953219762,1
1609,0.9449894897569289,1
1610,0.9341081753596913,1
1611,0.9594620394706733,1
1612,0.920297142687533,1
1613,0.9545065982185222,1
1614,0.9666397473008989,1
1615,0.9553612405188779,1
1616,0.9342673993538965,1
1617,0.9258189069361069,1
1618,0.9797582545667297,1
1619,0.9724220073191084,1
1620,0.9441537101089057,1
1621,0.9337896827688075,1
1622,0.8742213222089746,1
1623,0.8793633427685205,1
1624,0.9450269991513313,1
1625,0.945530041722818,1
1626,0.9376171233113036,1
1627,0.9336668669409502,1
1628,0.9392626326336353,1
1629,0.914386687567151,1
1630,0.9467301295858536,0
1631,0.9261832881149017,0
1632,0.938172883684511,0
1633,0.9246123961314269,0
1634,0.9215345680001773,0
1635,0.9463193518786658,0
1636,0.9480844654207684,0
1637,0.9680075642721984,0
1638,0.9349969921155495,0
1639,0.977795047168432,0
1640,0.9514431789717731,0
1641,0.9089408017082263,0
1642,0.9524169947780475,0
1643,0.9451444008450802,0
1644,0.9632998193774144,0
1645,1.0308995489873949,0
1646,1.000407514960322,0
1647,1.0167612837091518,0
1648,1.0195032247762832,0
1649,1.0542476569895707,0
1650,1.0110263315804906,0
1651,1.037543172997009,0
1652,1.0242605320806313,0
1653,1.0373597679712305,0
1654,1.0499203182291343,0
1655,1.04903954635985,0
1656,1.02683667816975,0
1657,1.0569057972979097,0
1658,1.0993911088201638,0
1659,1.124348878866641,0
1660,1.1173327426650244,0
1661,1.1299912672508399,0
1662,1.1302298710990089,0
1663,1.1048798652438758,0
1664,1.1007097980533826,0
1665,1.1219885081116796,0
1666,1.141577307441996,0
1667,1.1564721132821252,0
1668,1.2024300504453056,0
1669,1.2099347691127587,0
1670,1.2053746378363281,0
1671,1.1361663828393618,0
1672,1.1902048722522165,0
1673,1.1932872159352175,0
1674,1.208096609952316,0
1675,1.2103922477629643,0
1676,1.2381752332493943,0
1677,1.259779763493149,0
1678,1.3038885067532435,0
1679,1.2869581375224288,0
1680,1.2798974219664265,0
1681,1.296969613290822,0
1682,1.3319216375216587,0
1683,1.3835209654600127,0
1684,1.3749043412057282,0
1685,1.3929402758560647,0
1686,1.3818213081397783,0
1687,1.405137121503496,0
1688,1.429371528321777,0
1689,1.4187378737645593,0
1690,1.42477353822455,0
1691,1.4560089961735796,0
1692,1.4669010444987793,0
1693,1.5129444746133174,0
1694,1.5401922719080146,0
1695,1.6037926409364187,0
1696,1.628731546956366,0
1697,1.6230059443281815,0
1698,1.6204692054273444,0
1699,1.608800345520848,0
1700,1.61790029124343,0
1701,1.6294237695490839,0
1702,1.6704995881286087,0
1703,1.7042325847570696,0
1704,1.6877890264311834,0
1705,1.7116524036121539,0
1706,1.706732376818978,0
1707,1.7029217039593822,0
1708,1.7148037801506941,0
1709,1.7545951476690196,0
1710,1.8051700684981438,0
1711,1.8598856083647763,0
1712,1.8678396232096848,0
1713,1.91337443868896,0
1714,1.9634203353414201,0
1715,1.9879275151272326,0
1716,1.9813205456223915,0
1717,2.04483935363626,0
1718,2.0468283655907955,0
1719,2.0873234320553284,0
1720,2.070217074946745,0
1721,2.1424529663938805,0
1722,2.143742958537183,0
1723,2.212166303574838,1
1724,2.273066482721375,1
1725,2.350120004795346,1
1726,2.3361148077596994,1
1727,2.3535404413300403,1
1728,2.331604641376002,1
1729,2.2901958145930994,1
1730,2.292777919457101,1
1731,2.2152205724432488,1
1732,2.24731872635269,1
1733,2.189101362518437,1
1734,2.1593518462552885,1
1735,2.104795670547391,1
1736,2.0604733830033517,1
1737,2.012318355815202,1
1738,2.001671064293592,1
1739,1.966622227757888,1
1740,1.9124300606156168,1
1741,1.9318308902047296,1
1742,1.9229480626382958,1
1743,1.8908960531981902,1
1744,1.83185612193374,1
1745,1.8274190542420627,0
1746,1.7967672290489582,0
1747,1.772665687132865,0
1748,1.7288956407499543,0
1749,1.7092799317313148,0
1750,1.7265779474431475,0
1751,1.7043090670825356,0
1752,1.658243385141428,0
1753,1.6662146011495191,0
1754,1.6639091852765653,0
1755,1.6427922513871822,0
1756,1.6104175836611485,0
1757,1.604501376055553,0
1758,1.6263283559694592,0
1759,1.629794585782751,0
1760,1.6323895884148472,0
1761,1.5731954451953702,1
1762,1.5484209824825546,1
1763,1.5579083281431052,1
1764,1.530788106065781,1
1765,1.5272111927238492,1
1766,1.5250015817316245,1
1767,1.549401455453909,1
1768,1.501953906872625,1
1769,1.4337611793882794,1
1770,1.4450212049770315,1
1771,1.4554362181018785,1
1772,1.422793201300388,1
1773,1.373805607355734,1
1774,1.3889269165125928,1
1775,1.3804185680867922,1
1776,1.3790006206339152,1
1777,1.360657138062727,1
1778,1.329502285767611,1
1779,1.3004238120293223,1
1780,1.2673841606603375,1
1781,1.2536205694760099,1
1782,1.2434304296263268,1
1783,1.2489727678964757,1
1784,1.2250067136912581,1
1785,1.2003833457795117,1
1786,1.169031213999983,1
1787,1.1673348646701323,1
1788,1.1692375573647986,1
1789,1.1467541509528754,1
1790,1.1691091665864852,1
1791,1.169229823697696,1
1792,1.113245806534738,1
1793,1.121643709925541,1
1794,1.056711125813195,1
1795,1.0502414929450286,1
1796,1.0648977921532048,1
1797,1.0445778808667865,1
1798,1.0422700370751825,1
1799,1.0145388022034507,1
1800,1.0594300396338394,1
1801,1.0719665174138284,1
1802,0.9952710955955719,1
1803,1.011749419723613,1
1804,0.9946184966832874,1
1805,0.9827052405083786,1
1806,0.9913358183287648,1
1807,0.9821744495456125,1
1808,0.9691656588931199,1
1809,0.9120059789021586,1
1810,0.9352065558971517,1
1811,0.9268289888752779,1
1812,0.9104238596287675,1
1813,0.8962683405110383,1
1814,0.9010909009012575,1
1815,0.9011540040734257,1
1816,0.8660123842274489,1
1817,0.8605226940628029,1
1818,0.8485298145719703,1
1819,0.8790503638090288,1
1820,0.8662288989620319,1
1821,0.8675609454604133,1
1822,0.8994473303162861,1
1823,0.8541343078574984,1
1824,0.8514973813253615,1
1825,0.8532470363628406,1
1826,0.8430929561904156,1
1827,0.8532261920018318,1
1828,0.8641420225728185,1
1829,0.8436239203003505,1
1830,0.8510491488084196,1
1831,0.855000932056992,1
1832,0.8423081889896319,1
1833,0.8374180185525778,1
1834,0.8144413758544422,1
1835,0.8252691058454811,1
1836,0.8207971540495049,1
1837,0.8057755626417842,1
1838,0.8010257892062389,1
1839,0.7993465923652577,1
1840,0.8080934226864124,1
1841,0.8295087432336831,1
1842,0.8466675711648723,1
1843,0.8410943185006714,1
1844,0.8296623193105737,1
1845,0.8318970809161751,1
1846,0.8157016712020748,1
1847,0.8130496980406119,1
1848,0.812975827067087,1
1849,0.8156570638532517,1
1850,0.8062537696644607,1
1851,0.8099458466930011,1
1852,0.8027269538344282,1
1853,0.7654123909861952,1
1854,0.8142689271794576,1
1855,0.8282662989725139,1
1856,0.8238931170305577,1
1857,0.8272876474813649,1
1858,0.7961510278164189,1
1859,0.7725021949238493,1
1860,0.7377544802150219,1
1861,0.7578912020606803,1
1862,0.7837618362841391,1
1863,0.8106624053992489,1
1864,0.8343411858835811,1
1865,0.8281128788808981,1
1866,0.7818963891780941,0
1867,0.7614148123207352,0
1868,0.7663039338405097,0
1869,0.7869032120723912,0
1870,0.808969661055457,0
1871,0.8105184156254117,0
1872,0.7683336519871141,0
1873,0.771190044978503,0
1874,0.8089060628648285,0
1875,0.8034463200495867,0
1876,0.8327460354173123,0
1877,0.8303359357418192,0
1878,0.8188843742225904,0
1879,0.8134877884376019,0
1880,0.8524194678917475,0
1881,0.8884775082195285,0
1882,0.8607024680188691,0
1883,0.8827367481503993,0
1884,0.8560686995674939,0
1885,0.8662043380156388,0
1886,0.8805880774001744,0
1887,0.8887026601255233,0
1888,0.8973785082103715,0
1889,0.9140648959999454,0
1890,0.8860017620296404,0
1891,0.8479657204741007,0
1892,0.8821433432642604,0
1893,0.8782759894013507,0
1894,0.93618983881417,0
1895,0.930134336544584,0
1896,0.880527268528808,0
1897,0.9067369741635412,0
1898,0.9447176130670629,0
1899,0.9601258094840122,0
1900,0.9544192234804092,0
1901,0.9617764285057956,0
1902,0.9666273665226682,0
1903,1.011339946625551,0
1904,1.0269498065436973,0
1905,1.0088932600064557,0
1906,0.9983565908632227,0
1907,1.0364130415597255,0
1908,1.0204410686725878,0
1909,1.0351902480502875,0
1910,1.0627216076122104,0
1911,1.0402944457821308,0
1912,1.0102414595505051,0
1913,0.976180465355431,0
1914,0.975241721448449,0
1915,1.0198024934041392,0
1916,1.0071921835179385,0
1917,0.9755591484113001,0
1918,0.9909170492433513,0
1919,0.9949321291791325,0
1920,1.0335023858943813,0
1921,1.0029868799506412,0
1922,0.9992310329481918,0
1923,0.986346493802194,0
1924,1.0034696375643504,0
1925,1.03430977986587,0
1926,1.0564375052335178,0
1927,1.0327516256519043,0
1928,1.035808528210721,0
1929,1.005050814827937,0
1930,1.0006419216080766,0
1931,1.0003737594305866,0
1932,1.0178726378125837,0
1933,0.9947221060008071,0
1934,1.0057747885007824,0
1935,0.9879232174552919,0
1936,0.978465309595955,0
1937,1.0107260192437562,0
1938,0.9954959576336772,1
1939,1.0292765157049684,1
1940,1.0453715064667812,1
1941,0.9827331422554748,1
1942,1.0009192284872686,1
1943,1.0316110792944309,1
1944,1.0325541910288654,1
1945,1.0016352733497853,1
1946,0.9799754849237665,1
1947,0.9954815127845953,1
1948,1.0222443913846007,1
1949,1.012098264082333,1
1950,1.006992547327767,1
1951,1.055713719069388,1
1952,1.0355200148241832,1
1953,1.043026493586018,1
1954,1.0458509235982922,1
1955,1.033088994688387,1
1956,0.9947986107491266,1
1957,0.9683504242291646,1
1958,0.9803643853302412,1
1959,0.9889598856895084,1
1960,1.0118814731695376,1
1961,0.9355829924766438,1
1962,0.916759777190463,1
1963,0.9311306506029973,1
1964,0.979723441846589,1
1965,0.9276576178512524,1
1966,0.9506071090040618,1
1967,0.9750675150153173,1
1968,0.9516534923834307,1
1969,0.9724973086594045,1
1970,0.945461001804093,1
1971,0.9320157379319035,1
1972,0.9286948868893882,1
1973,0.9491520810190245,1
1974,0.9442424522601226,1
1975,0.9385172085284939,1
1976,0.9232295166125063,1
1977,0.9123376271591638,1
1978,0.904986437301283,1
1979,0.9168102632152849,1
1980,0.9185706339436436,1
1981,0.9432390831109205,1
1982,0.9227780603544501,1
1983,0.9390830382654213,0
1984,0.9071632385664715,0
1985,0.9372600566205258,0
1986,0.9508562642152039,0
1987,0.9725611769651024,0
1988,0.9849482254506627,0
1989,0.9675649833644455,0
1990,0.9268106960268784,0
1991,0.9360757294622286,0
1992,0.9210067198210826,0
1993,0.9367294855095664,0
1994,0.9091209676575405,0
1995,0.9583195794757735,0
1996,0.957470610897954,0
1997,0.9347439502061761,0
1998,0.9490805922671256,0
1999,0.9333111202722403,0
2000,0.934729505268925,0
2001,0.9600532429965769,0
2002,0.9415374040188855,0
2003,0.9606729857939906,0
2004,0.9414790203739625,0
2005,0.9624158052270175,0
2006,0.9322575701075538,0
2007,0.9618576451832013,0
2008,0.948552007242731,0
2009,0.972653574080293,0
2010,0.9806080915845903,0
2011,0.9590083475619758,0
2012,0.9918932118959995,0
2013,0.9969673108111718,0
2014,0.993303194597642,0
2015,0.9952733100214399,0
2016,1.0206621940799978,0
2017,1.0428609599250815,0
2018,1.038104939731773,0
2019,1.0433485151871253,0
2020,1.0578218041355754,0
2021,1.0282571739865274,0
2022,1.0300719374393725,0
2023,1.057934925561459,0
2024,1.0326805572833857,0
2025,1.086394340657524,0
2026,1.0705910538868784,0
2027,1.093797194360932,0
2028,1.1302145833586141,0
2029,1.1301215108529723,0
2030,1.131145186328908,0
2031,1.1506855283514674,0
2032,1.1291726824216992,0
2033,1.1484939677224957,0
2034,1.1818191097148991,0
2035,1.2052675837646836,0
2036,1.2425769587102633,0
2037,1.2746197811089104,0
2038,1.2878554046832644,0
2039,1.262013721344522,0
2040,1.2863417258633982,0
2041,1.259177840088507,0
2042,1.319154829098605,0
2043,1.3223388855417992,0
2044,1.3277981118605786,0
2045,1.3345232985035336,1
2046,1.3523252385463345,1
2047,1.3540087600187154,1
2048,1.384177166977036,1
2049,1.3968475735589092,1
2050,1.401851787371429,1
2051,1.4267762361195604,1
2052,1.4426129719078766,1
2053,1.4297559159125113,1
2054,1.4407518227174776,1
2055,1.4420340721774647,1
2056,1.4559494158987463,1
2057,1.426970898744613,1
2058,1.4546431376037938,1
2059,1.4502832050415086,1
2060,1.4421683816769808,1
2061,1.4455602428434762,1
2062,1.4322375536546044,1
2063,1.437284991695393,1
2064,1.436233541350756,1
2065,1.4522048938522603,1
2066,1.4562959114687841,1
2067,1.4765260412294512,1
2068,1.454651381521496,1
2069,1.4298032181585942,1
2070,1.4382747743016155,1
2071,1.4746986093613674,1
2072,1.5018625471687748,1
2073,1.4910994107390136,1
2074,1.5317267695300751,1
2075,1.5330504439178951,1
2076,1.5283038918633127,1
2077,1.5564543449326893,1
2078,1.5702553820678122,1
2079,1.6253241609548417,1
2080,1.6110832154652834,1
2081,1.6174698809558905,1
2082,1.597439315945547,1
2083,1.602958581660088,1
2084,1.5707959289497702,1
2085,1.556029175852071,1
2086,1.5653078742172988,1
2087,1.5575765902082506,1
2088,1.5778702774844962,1
2089,1.5563391101341661,0
2090,1.5383602992738818,0
2091,1.5356833407596908,0
2092,1.5491832024407872,0
2093,1.5372216647286303,0
2094,1.5269471335370328,0
2095,1.5605818113380383,0
2096,1.5472875447038565,0
2097,1.5440565083199789,0
2098,1.5736777800145034,0
2099,1.5540180037563283,0
2100,1.6167171369620874,0
2101,1.5886846930825893,0
2102,1.6205070269883446,0
2103,1.6892068640306117,0
2104,1.6756455186683692,0
2105,1.6665171550517017,0
2106,1.7027111148493728,0
2107,1.7065468109411401,0
2108,1.6892187411723656,0
2109,1.6776504705844488,0
2110,1.726715707444334,0
2111,1.7314696940322976,0
2112,1.7085787753546808,0
2113,1.7304830144509056,0
2114,1.7368869761540777,0
2115,1.7768065512364277,0
2116,1.8124516952202994,0
2117,1.8034443468222217,0
2118,1.8142605486585757,0
2119,1.8294236799800698,0
2120,1.865127542491849,0
2121,1.8959847949897486,0
2122,1.9094562214834847,0
2123,1.8996307200788345,0
2124,1.8901679748621283,0
2125,1.9057986302112426,0
2126,1.8891778351782609,0
2127,1.954762956357661,0
2128,1.884850091353804,0
2129,1.8806552670570609,0
2130,1.9065976271796685,0
2131,1.9051643260820765,0
2132,1.8949065606015947,0
2133,1.907450258184982,0
2134,1.8925349227661412,0
2135,1.888610313141843,0
2136,1.9340972530626894,0
2137,1.9327004078439067,0
2138,1.8694860427316426,0
2139,1.8725179770698086,0
2140,1.835893292418718,0
2141,1.8714458973342036,0
2142,1.855663909987339,0
2143,1.789956253078789,0
2144,1.7970218001733005,0
2145,1.8187476559950102,0
2146,1.8014471816021382,0
2147,1.8142494946232934,0
2148,1.791591293472364,0
2149,1.7807025034887092,0
2150,1.7654611574928978,0
2151,1.6890724465524325,0
2152,1.7174358339940496,0
2153,1.7246178392518947,0
2154,1.696828480126146,0
2155,1.6293611438333773,0
2156,1.645605161855994,0
2157,1.666773934849142,0
2158,1.6839719982207757,0
2159,1.655615618575868,0
2160,1.6419146529441537,0
2161,1.6294658069063517,0
2162,1.655106503040229,0
2163,1.6551484558122327,0
2164,1.6763523137054681,0
2165,1.662855779790451,0
2166,1.6308836086079304,0
2167,1.5990298238686578,0
2168,1.5355085551251089,0
2169,1.4935549822336485,0
2170,1.4910612511422545,0
2171,1.4841453295109521,0
2172,1.4670550362227373,0
2173,1.4466706136391274,0
2174,1.4594295920430593,0
2175,1.4686951231174923,0
2176,1.4300377485255977,0
2177,1.3743786221165109,0
2178,1.3561363302217728,0
2179,1.3373770437812231,0
2180,1.3133181618341048,0
2181,1.2827000763194971,0
2182,1.2412421467771557,0
2183,1.1681544830959247,0
2184,1.243213127230297,0
2185,1.2459434501499966,0
2186,1.2128101404905454,0
2187,1.1880844012376015,0
2188,1.1947341889875116,0
2189,1.1492729952441088,0
2190,1.156316214126225,0
2191,1.1539791522184641,0
2192,1.1547958585620934,0
2193,1.1713917936830953,0
2194,1.149318325317685,0
2195,1.1166330642139952,0
2196,1.128980914498746,0
2197,1.1438869290200329,0
2198,1.1445330312927038,0
2199,1.16485880766605,0
2200,1.174898572458464,0
2201,1.1559375050589085,0
2202,1.1487387450763957,0
2203,1.1432968101731085,0
2204,1.1282448661754247,0
2205,1.1283606660060232,0
2206,1.1450025253925464,0
2207,1.1215043997852259,0
2208,1.1385779972724817,0
2209,1.1174927176326377,0
2210,1.0799478068106003,0
2211,1.0628539660781369,0
2212,1.0921218001578705,0
2213,1.0639828671180434,0
2214,1.0620417340714199,0
2215,1.0849354415875752,0
2216,1.077460808166546,0
2217,1.0727982587093259,0
2218,1.0684200042015966,0
2219,1.0749920960512998,0
2220,1.0431843307540702,0
2221,1.0306230853308525,0
2222,1.0708910514220749,0
2223,1.0378778096820989,0
2224,1.0505992124981776,0
2225,1.027876476945356,0
2226,1.0081372713412884,0
2227,1.0186552634747235,0
2228,1.043473640005574,0
2229,1.0410239394700103,0
2230,1.0156331578417985,0
2231,1.0369268238439378,0
2232,1.056063264529007,0
2233,1.024354157979872,0
2234,1.067769955862648,0
2235,0.9953212978882522,0
2236,1.025775125904747,0
2237,1.0281905410465277,0
2238,0.999187124190665,0
2239,1.0168802818096458,0
2240,0.9596714113482363,0
2241,0.9660653539279347,0
2242,1.0036750448391507,0
2243,1.0121797950005382,0
2244,1.0079508495378013,0
2245,0.9851989739710478,0
2246,0.9814115677580367,0
2247,1.0239287774077763,0
2248,1.0012127594673168,0
2249,1.0076140132430491,0
2250,1.0294716347086588,0
2251,1.0050564230255232,0
2252,0.9455874368658747,0
2253,0.9912806904975406,0
2254,0.9760837459072496,0
2255,0.9959446724407653,0
2256,1.019183560148448,0
2257,0.9701677774766753,0
2258,0.938923401411417,0
2259,0.9556142634265049,1
2260,0.9504038540271679,1
2261,0.8939952528239714,1
2262,0.9318806178301781,1
2263,0.918246935593983,1
2264,0.9278972823701873,1
2265,0.9222202173815974,1
2266,0.9074714545018187,1
2267,0.9330609309451037,1
2268,0.9365599101931794,1
2269,0.8862838435391841,1
2270,0.9135017734136354,1
2271,0.8926762194626033,1
2272,0.9177007449184845,1
2273,0.9166444253202686,1
2274,0.9088394303017202,1
2275,0.927326154984787,1
2276,0.893212250689079,0
2277,0.8955239595173065,0
2278,0.9413293937308029,0
2279,0.8916033563146968,0
2280,0.9029736199241218,0
2281,0.8805843085133874,0
2282,0.909208021055745,0
2283,0.9112113137696624,0
2284,0.91247754241339,0
2285,0.9070865687022746,0
2286,0.9072727546345146,0
2287,0.8978116507413167,0
2288,0.8923189075276116,0
2289,0.9190981768231864,0
2290,0.8775567436572097,0
2291,0.8763743995587934,0
2292,0.8841913220905613,0
2293,0.9118000592408423,0
2294,0.9048576507535953,0
2295,0.902442963287742,0
2296,0.9169857128133005,0
2297,0.9361301152786555,0
2298,0.9034694353538367,0
2299,0.882385327449635,0
2300,0.8972892187745299,0
2301,0.8950204381946135,0
2302,0.9166518319791418,0
2303,0.919848498217816,0
2304,0.9760056189533023,0
2305,0.967177099944323,0
2306,0.9615042995900274,0
2307,0.9674820082019361,0
2308,0.9433487345572504,0
2309,0.9626381012634616,0
2310,0.9716642612310108,0
2311,0.9597882561960271,0
2312,0.9542084626197695,0
2313,0.9315975605708511,0
2314,0.9452883210908518,0
2315,0.9418895148568337,0
2316,0.9631001869535489,0
2317,0.9748366357318752,0
2318,0.972402602851504,0
2319,0.9971402270705115,0
2320,0.9962998007934053,0
2321,1.0002529405125167,0
2322,0.9961716449965645,0
2323,0.9964930887404423,0
2324,0.9794010406656385,0
2325,0.9657278028507652,0
2326,0.9569542702005127,0
2327,0.9499357858868547,0
2328,0.9683211390849045,0
2329,0.972033795339977,1
2330,0.9444017323041568,1
2331,0.9777794672338044,1
2332,0.9626038483486445,1
2333,0.9713488539357367,1
2334,0.9756621787768642,1
2335,0.9754692899223126,1
2336,0.9786380935545511,1
2337,0.9765848465638641,1
2338,0.9958435211071367,1
2339,0.9194743226419146,1
2340,0.9791867709668907,1
2341,0.9852696011818556,1
2342,0.9523015014187064,1
2343,0.9584022320842883,0
2344,0.9861599054414023,0
2345,0.9641487388615064,0
2346,0.9303094658447588,0
2347,0.9511697956557054,0
2348,0.9304464247650113,0
2349,0.9055376673567263,0
2350,0.9446983548460927,0
2351,0.931312504703022,0
2352,0.9749612237613285,0
2353,0.9929211358340919,0
2354,0.9795626264666821,0
2355,1.0147709903688178,0
2356,0.9676832437762056,0
2357,0.9661249503776747,0
2358,0.9236685772083901,0
2359,0.9402942943426738,0
2360,0.9652503437839435,0
2361,0.9771474680353074,0
2362,0.9765146515767528,0
2363,0.9610227249710702,0
2364,0.9681059229742949,0
2365,0.9720373495856529,0
2366,0.999047688026991,0
2367,0.9674750554990635,0
2368,0.9666632886303135,0
2369,0.9930312318762744,0
2370,0.9952692220733024,0
2371,0.9951280293087769,0
2372,0.9819036567855048,0
2373,0.9765779180269865,0
2374,0.9811443133645142,0
2375,0.9876966599362058,0
2376,0.9672479278686533,0
2377,0.9804374015577069,0
2378,0.9864089294366396,0
2379,0.9796911097078979,0
2380,0.9647248713965805,0
2381,0.974742023263091,0
2382,1.003667126222341,0
2383,1.0147001164324698,0
2384,0.9986856787430758,0
2385,1.0196245141863365,0
2386,1.0387062659052222,0
2387,1.0120836654439207,0
2388,1.0042316998310512,0
2389,1.0214966727479524,0
2390,0.9877542302497171,0
2391,1.0047637357536512,0
2392,1.070791499673775,0
2393,1.0256701649438316,0
2394,1.034331061431822,0
2395,1.019033490867565,0
2396,1.0395130711958511,0
2397,1.0207701669188685,0
2398,1.0176609344199803,0
2399,1.066695092831533,0
2400,1.0730667320973764,0
2401,1.0909516394992578,0
2402,1.090892286849765,0
2403,1.1118069216032584,0
2404,1.1222288433623686,0
2405,1.1184119013547826,0
2406,1.1507831011845575,0
2407,1.183764127744192,0
2408,1.2112825756405554,0
2409,1.18218836740623,0
2410,1.2154443535186172,0
2411,1.2342727620952951,0
2412,1.2422788182003837,0
2413,1.269837114436076,0
2414,1.2694181278477512,0
2415,1.2773638889420733,0
2416,1.3021760225673427,0
2417,1.326688768212267,0
2418,1.3186919995675508,0
2419,1.3409861778420777,0
2420,1.3583061289411222,0
2421,1.342950391798597,0
2422,1.346692982248386,0
2423,1.387434688768016,0
2424,1.438015781892715,0
2425,1.4436540178695951,0
2426,1.4614499042601345,0
2427,1.505705058122717,0
2428,1.5735163028691486,0
2429,1.5519892646799671,0
2430,1.607641003965939,0
2431,1.6099754847688146,0
2432,1.6127050854426292,0
2433,1.7135661997881322,0
2434,1.7649522965689883,0
2435,1.7725211134074896,0
2436,1.801928329981255,0
2437,1.8236601995211659,0
2438,1.9049498106991563,0
2439,1.9441057659812184,0
2440,1.9756923098982055,0
2441,2.0145817434723576,0
2442,2.051875424041794,0
2443,2.1031508438465454,0
2444,2.1168635515323326,0
2445,2.164949948453334,0
2446,2.2196395319116915,0
2447,2.2189850669171687,0
2448,2.304287159503525,0
2449,2.3329849751729412,0
2450,2.3917772008372324,0
2451,2.375400673056557,0
2452,2.4544209822021275,0
2453,2.4468965474191195,0
2454,2.4589029010774404,0
2455,2.495382902749518,0
2456,2.4851184202827823,0
2457,2.521303766952979,0
2458,2.580160717121889,0
2459,2.683019000990755,0
2460,2.720130283416395,0
2461,2.7197290476499205,1
2462,2.7320231426710406,1
2463,2.8134653161296264,1
2464,2.825836943289041,1
2465,2.8438852344911205,1
2466,2.877010239799183,1
2467,2.8722812714042205,1
2468,2.838344339094389,1
2469,2.8433536640404338,1
2470,2.843509121330818,1
2471,2.839960639530447,1
2472,2.7549440529316516,1
2473,2.727758783722884,1
2474,2.746007789056164,1
2475,2.7142942970615214,1
2476,2.695859390794702,1
2477,2.658323220765213,1
2478,2.6236847151386393,1
2479,2.5576277056649914,1
2480,2.5443226972237922,1
2481,2.5256134772865404,0
2482,2.512140269916357,0
2483,2.5098317238273804,0
2484,2.4747069200911853,0
2485,2.48413354819821,0
2486,2.4106589219412866,0
2487,2.4238474860509234,0
2488,2.3523749734227946,0
2489,2.3129633005038435,0
2490,2.2839316871009947,0
2491,2.2772796780447155,0
2492,2.255202504539787,0
2493,2.2700315503752138,0
2494,2.228266713749021,0
2495,2.2674502849980973,0
2496,2.2787346783960154,0
2497,2.2480280311477094,0
2498,2.2316290730818875,0
2499,2.2083516071767675,0
2500,2.224853833119768,0
2501,2.2173104847801235,0
2502,2.191040900860861,0
2503,2.1904931216528563,0
2504,2.176526113632758,0
2505,2.1421450549277026,0
2506,2.1313973006170714,0
2507,2.1690122602378685,0
2508,2.163181652568384,0
2509,2.1419578433162987,0
2510,2.1170138167933295,0
2511,2.1067993037850217,0
2512,2.1549090722939326,0
2513,2.1527120835769042,0
2514,2.16384299044146,0
2515,2.1466839860350135,0
2516,2.162685191662582,0
2517,2.220853773534149,0
2518,2.170478451527953,0
2519,2.1855611549649985,0
2520,2.0892724864998744,0
2521,2.080289454701771,0
2522,2.127024420776857,0
2523,2.1309415537930145,0
2524,2.1167556041734192,0
2525,2.1616616410935263,0
2526,2.1859202023408213,0
2527,2.2243998115935453,0
2528,2.208357536222128,0
2529,2.2019698712090285,0
2530,2.2299256231720554,0
2531,2.2488660308244124,0
2532,2.235898257578226,0
2533,2.244255306019144,0
2534,2.294108629716027,0
2535,2.2621548074436957,0
2536,2.2561022185809745,0
2537,2.2532081063537492,0
2538,2.239001604203555,0
2539,2.2112979428594888,0
2540,2.116882014847093,0
2541,2.0949047870359783,0
2542,2.098433788724089,0
2543,2.053498074784254,0
2544,1.9813365982001436,0
2545,1.9749384831030836,0
2546,1.954122493875449,0
2547,1.9213619738681065,0
2548,1.9563084320940518,0
2549,1.9401198774975952,0
2550,1.9177933313602755,0
2551,1.9055503983758892,0
2552,1.908272140383164,0
2553,1.8926540073859224,0
2554,1.8620454485860842,0
2555,1.8291866296674426,0
2556,1.773853315800765,0
2557,1.7756732605690102,0
2558,1.751182090929245,0
2559,1.7419662649982601,0
2560,1.725076580845609,0
2561,1.680971280899517,0
2562,1.6464404528625458,0
2563,1.620270359602452,0
2564,1.6097913743901464,0
2565,1.5794006435048176,0
2566,1.6044327540238468,0
2567,1.5437852504900633,0
2568,1.509462849638889,0
2569,1.4844797796070477,0
2570,1.5035925866285917,0
2571,1.4885589163621402,0
2572,1.4453665120935293,0
2573,1.4445841080375974,0
2574,1.4817513426520363,0
2575,1.4372891305426434,0
2576,1.3912762178101623,0
2577,1.3713501675841921,0
2578,1.3342802652799866,0
2579,1.3189882453415969,0
2580,1.2809366869256544,0
2581,1.3211140064016156,0
2582,1.3112209196109275,0
2583,1.3138097790687595,0
2584,1.2851004608937868,0
2585,1.2851366793896077,0
2586,1.2911588929396407,0
2587,1.2531371491610233,0
2588,1.253692840849012,0
2589,1.2356696578729731,0
2590,1.2171358796301979,0
2591,1.2076092779746703,0
2592,1.2397971891890944,0
2593,1.254895134288907,0
2594,1.2232380296030405,0
2595,1.226309709963811,0
2596,1.196425075244814,0
2597,1.224410170088917,0
2598,1.2101997362253656,0
2599,1.1945166478884097,0
2600,1.212616601070225,0
2601,1.2041180352462306,0
2602,1.1447368689372033,0
2603,1.1586738308374955,0
2604,1.154653804413276,0
2605,1.142572298727543,0
2606,1.1190301945161418,0
2607,1.1084931347954958,0
2608,1.120901207593559,0
2609,1.0885289840128933,0
2610,1.1110327891604386,0
2611,1.096029997754948,0
2612,1.0661572015306864,0
2613,1.0855771749524614,0
2614,1.1089312019616164,0
2615,1.0811595792067563,0
2616,1.0809138956076916,0
2617,1.0630841936976216,0
2618,1.047220211829779,0
2619,1.0689650917704743,0
2620,1.0721910402643686,0
2621,1.0509275438173484,0
2622,1.0689402959706118,0
2623,1.0434376240070289,0
2624,1.0705031337457789,0
2625,1.0694816628480346,0
2626,1.0571231513530073,0
2627,1.0778171986416403,0
2628,1.0849467374350135,0
2629,1.0605379524167924,0
2630,1.0104851286737335,0
2631,0.9889207600583824,0
2632,1.009726411397873,0
2633,1.0575251666709031,0
2634,1.0107942887557284,0
2635,1.0244078699053516,0
2636,1.0292189711433695,0
2637,1.032473174302917,0
2638,1.041151048707998,0
2639,1.0308641929460287,0
2640,1.0575063582827435,0
2641,1.0604639468931745,0
2642,1.0851491126039325,0
2643,1.0668589154768675,0
2644,1.0728036656824917,0
2645,1.0477368524077573,0
2646,1.0460131708345806,0
2647,1.0234096775962616,0
2648,1.0628871137713132,0
2649,1.0333812310897852,0
2650,0.9878646949034755,0
2651,1.0198006272311184,0
2652,1.0350624359035518,0
2653,1.106020762006473,0
2654,1.088702593211915,0
2655,1.0547011813789542,0
2656,1.0467960143821262,0
2657,1.0348718657719054,0
2658,1.0607936626763315,0
2659,1.0362772234839968,0
2660,1.0159302831020638,0
2661,1.0232198476117085,0
2662,1.041809018673767,0
2663,1.0423944775028007,0
2664,1.040799469187598,0
2665,1.0575582130786731,0
2666,1.0219194185014393,0
2667,1.0166793424639482,0
2668,1.0162809029915019,0
2669,1.021909502614711,0
2670,1.041299802146631,0
2671,1.036433951235823,0
2672,1.0635590636317047,0
2673,1.0213884116510998,0
2674,1.016079513926514,0
2675,1.0038628325457184,0
2676,1.013809254855234,0
2677,1.040802266687918,0
2678,0.9983744794681741,0
2679,1.0015169052558703,0
2680,0.9909787809456113,0
2681,1.012685352210185,0
2682,1.0375493795962003,0
2683,1.0188789756151397,0
2684,1.0277807130380348,0
2685,1.0191446859399806,0
2686,0.9818922552705869,0
2687,1.0089779772833696,0
2688,0.987052837830894,0
2689,1.0020707993066928,0
2690,0.9891450007417074,0
2691,0.9923153561264757,0
2692,0.9718284063677746,0
2693,1.0458566345976381,0
2694,1.0398363980375018,0
2695,0.9975940068372605,0
2696,1.015300014146799,0
2697,1.0093921902403828,0
2698,0.9903645861923459,0
2699,0.9823970327932696,0
2700,0.9744395531538619,0
2701,0.9826026386195633,0
2702,0.9505235295815221,0
2703,0.9554775189296323,0
2704,0.9876408726824107,0
2705,0.9900156594163831,0
2706,0.9534683369969158,0
2707,0.976471813388806,0
2708,0.9702374490954152,0
2709,0.9922574299134246,0
2710,1.0017302229592653,0
2711,1.0106672804761856,0
2712,0.9504854003296666,0
2713,0.9596460129525922,0
2714,0.9898254055899771,0
2715,0.9806735043231766,0
2716,0.9587874230738374,0
2717,0.9750922128181313,0
2718,0.9983860026943218,0
2719,1.0292335282279355,0
2720,1.0336521267579462,0
2721,1.04313816994459,0
2722,1.0512132064624902,0
2723,1.0346777116122907,0
2724,1.0402026165325249,0
2725,1.026071499314393,0
2726,1.0239637418673155,0
2727,1.0600457095454887,0
2728,1.0902863302897212,0
2729,1.0619219130439974,0
2730,1.0642364865777978,0
2731,1.0542782972489761,0
2732,1.0264658289936128,0
2733,1.0447806337279781,0
2734,1.036022453540884,0
2735,1.044802452876316,0
2736,1.06996887978444,0
2737,1.0470340334386317,0
2738,1.0544172720128233,0
2739,1.0578689683647917,0
2740,1.0523283979367786,0
2741,1.0576208971040504,0
2742,1.081239420758359,0
2743,1.1116653039577145,0
2744,1.1131803106127207,0
2745,1.121723342611551,0
2746,1.1596070295006835,0
2747,1.1098593558905163,0
2748,1.12204889430614,0
2749,1.1243218109214346,0
2750,1.1419019844185194,0
2751,1.1066157689281944,0
2752,1.1095967652640295,0
2753,1.1325470664568305,0
2754,1.1385684900401527,0
2755,1.1389651949093735,0
2756,1.120951606621023,0
2757,1.1134125014467386,0
2758,1.1123022651811945,0
2759,1.1092077081810863,0
2760,1.1394139042116957,0
2761,1.134409608854552,0
2762,1.1358977146114342,0
2763,1.1372889619404234,0
2764,1.1020336224791982,0
2765,1.0950555427504276,0
2766,1.0870354905795472,0
2767,1.1463741440398953,0
2768,1.142649234039267,0
2769,1.149575670831073,0
2770,1.1319373525400733,0
2771,1.1599658021373116,0
2772,1.1256927654394207,0
2773,1.154479541842999,0
2774,1.1721413017727729,0
2775,1.180637378794319,0
2776,1.1270383013624339,0
2777,1.1572036443435416,0
2778,1.1891110749661171,0
2779,1.1812130264147305,0
2780,1.1621040597084982,0
2781,1.1518589939411303,0
2782,1.171925658783716,0
2783,1.1857613544823633,0
2784,1.125021959796896,1
2785,1.1409943452314488,1
2786,1.1731026448861925,1
2787,1.1986528267083136,1
2788,1.1857730145276253,1
2789,1.1642186696409282,1
2790,1.1358611418763196,1
2791,1.1435015542778482,1
2792,1.1435686190433512,1
2793,1.146311208475186,1
2794,1.1583828926774022,1
2795,1.1508001964637589,1
2796,1.1281459302821892,1
2797,1.1304076025297607,1
2798,1.1224256227222895,0
2799,1.100453381270399,0
2800,1.1050696697728624,0
2801,1.1036481488439673,0
2802,1.1078641928632997,0
2803,1.1173851432370518,0
2804,1.130070351442067,0
2805,1.1142446935189847,0
2806,1.1123702196534613,0
2807,1.143231881716637,0
2808,1.1583063246154124,0
2809,1.1151003954530472,0
2810,1.1284497472653263,0
2811,1.1573300189820324,0
2812,1.1358822019472317,0
2813,1.1717969558045547,0
2814,1.1587270464648716,0
2815,1.2218796074701141,0
2816,1.2051112986311139,0
2817,1.2316366189444847,0
2818,1.2416305045659006,0
2819,1.2386010179661666,0
2820,1.261782689658273,0
2821,1.2798866718902888,0
2822,1.2895851321425216,0
2823,1.3342229267064545,0
2824,1.3216756877858575,0
2825,1.327445309499933,0
2826,1.3186180400556051,0
2827,1.319427601687285,0
2828,1.309065007959665,0
2829,1.349054562139075,0
2830,1.3823837622672368,0
2831,1.3581251133860368,0
2832,1.3627744622951237,0
2833,1.4162653083359789,0
2834,1.4112832636177728,0
2835,1.424353717592485,0
2836,1.4664931430262587,0
2837,1.4672326979697563,0
2838,1.4816421511030236,0
2839,1.498156865083833,0
2840,1.5193366996959463,0
2841,1.5397075045820616,0
2842,1.5760487059144326,0
2843,1.6106808008659552,0
2844,1.664494350468944,0
2845,1.6592568293088763,0
2846,1.7114555133285283,0
2847,1.7784297117620287,0
2848,1.8200558913024834,0
2849,1.8369740520065074,0
2850,1.8914537951206145,0
2851,1.879945035049763,0
2852,1.8839744835258205,0
2853,1.8803747437970812,0
2854,1.8875547296051063,0
2855,1.9203259659509329,0
2856,1.930456701032778,0
2857,1.9933749092588935,0
2858,2.037175037003576,0
2859,2.0538706865014476,0
2860,2.0812164278041205,0
2861,2.114380116376269,0
2862,2.1639886854694694,0
2863,2.206170131796576,0
2864,2.221129997385005,0
2865,2.2844759238801817,0
2866,2.3311508842112127,0
2867,2.3948149247688195,0
2868,2.444488828953194,0
2869,2.512349163707547,0
2870,2.5005400169379444,0
2871,2.5168672345559213,0
2872,2.5121151534514214,0
2873,2.4974768006433536,0
2874,2.5119240951725215,0
2875,2.537105285746811,0
2876,2.567018122920635,0
2877,2.562461137358532,0
2878,2.5552970115856453,0
2879,2.604846204459074,0
2880,2.662608257182986,0
2881,2.6858025152585236,0
2882,2.7116481206462457,0
2883,2.703652731081922,0
2884,2.7399061003915275,0
2885,2.6958234323459296,0
2886,2.7268182850441067,0
2887,2.7335380621962244,0
2888,2.7125207948862897,0
2889,2.6878334675753623,0
2890,2.6368776249746544,0
2891,2.588710374113215,0
2892,2.5372000726152546,0
2893,2.478605648210829,0
2894,2.462620563440943,0
2895,2.4198475009639964,0
2896,2.4330399968315928,0
2897,2.421089489210788,0
2898,2.3853980418850167,0
2899,2.3692619615317376,0
2900,2.389884493003849,0
2901,2.3609341680671103,0
2902,2.392888733849753,0
2903,2.392663792468612,0
2904,2.3416968542461647,0
2905,2.3636545640191193,0
2906,2.343588036211436,0
2907,2.30941867253938,0
2908,2.2766644875562796,0
2909,2.2942819972605317,0
2910,2.2854360671815974,0
2911,2.25486332439796,0
2912,2.225827821795726,0
2913,2.1873380287157853,0
2914,2.1729437404007923,0
2915,2.157198867444109,0
2916,2.1478361145685745,0
2917,2.0676727413566756,0
2918,2.052034430783195,0
2919,2.0259338768924873,0
2920,2.0007273263428345,0
2921,1.9556344445646614,0
2922,1.9148109208560242,0
2923,1.900160125454371,0
2924,1.9276374174673467,0
2925,1.9096801778424197,0
2926,1.910449836613643,0
2927,1.8963914344701802,0
2928,1.8880299291549996,0
2929,1.9056688643633648,0
2930,1.9235676497295295,0
2931,1.8644985027162626,0
2932,1.8830774956105285,0
2933,1.8920603893198809,0
2934,1.8742381524141043,0
2935,1.8609869307226923,0
2936,1.8355028220926366,0
2937,1.836371151238249,0
2938,1.8169667448329365,0
2939,1.7737101030951916,0
2940,1.754295409521969,0
2941,1.7500033119840495,0
2942,1.6724646479132634,0
2943,1.6256580598427923,0
2944,1.5777286263856127,0
2945,1.5894942051923389,0
2946,1.5830452584127133,0
2947,1.5476292193791243,0
2948,1.52524717666352,0
2949,1.5201799689170388,0
2950,1.4746196738600996,0
2951,1.4973880742301924,0
2952,1.4636860123470237,0
2953,1.4246259979112101,0
2954,1.422441139257788,0
2955,1.4115401283316305,0
2956,1.3788256488008752,0
2957,1.3396327918653959,0
2958,1.3187210434024557,0
2959,1.309796341814243,0
2960,1.335349131702579,0
2961,1.2886293735671737,0
2962,1.2955719050137928,0
2963,1.3016272705976377,0
2964,1.3076780260717302,0
2965,1.2125462618212444,0
2966,1.237670523143871,0
2967,1.2321296184089865,0
2968,1.22342015417143,0
2969,1.212482931549518,0
2970,1.2248813714652278,0
2971,1.2204204805294052,0
2972,1.236844418857114,0
2973,1.222116707953776,0
2974,1.1909249527814754,0
2975,1.179668228327334,0
2976,1.171719903991625,0
2977,1.1645449339603533,0
2978,1.1162651198728555,0
2979,1.129257999679662,0
2980,1.1559058638549862,0
2981,1.1342303084249177,0
2982,1.0984155464924088,0
2983,1.0970919587489538,0
2984,1.096606244513896,0
2985,1.130569032338374,0
2986,1.10338576345573,0
2987,1.1099049093886708,0
2988,1.1371513801353081,0
2989,1.0827909248111187,0
2990,1.0332236467356037,0
2991,1.019069241713888,0
2992,0.9880390954872277,0
2993,0.9793750408542655,0
2994,0.9623110872685139,0
2995,1.0162670183275337,0
2996,1.0454422684393363,0
2997,1.0194336943708575,0
2998,1.010461082727917,0
2999,1.0118912315822548,0
3000,1.0236712752311485,0
3001,1.0188069941120432,0
3002,1.0175463208587994,0
3003,0.9958062446951214,0
3004,1.0267850780448005,0
3005,1.019951297976483,0
3006,1.0096088971694874,0
3007,1.0105050287897561,0
3008,1.0283350877195754,0
3009,1.0405657701102224,0
3010,1.032100389316976,0
3011,1.01165401038448,0
3012,1.0023024853888565,0
3013,0.9971599994609485,0
3014,0.9795635744214646,0
3015,0.9941271329048254,0
3016,0.978288400109828,0
3017,0.9938289994715391,0
3018,1.0119828876066115,0
3019,0.9955887947411671,0
3020,1.0145258483041302,0
3021,1.0188051063455617,0
3022,1.012953792863144,0
3023,1.029920518777617,0
3024,1.0632115642624667,0
3025,1.0314737407662937,0
3026,1.0102091857567679,0
3027,1.0060088938264444,0
3028,1.0546127774209804,0
3029,1.0529091235158927,0
3030,0.9909386105525783,0
3031,1.009936622920585,0
3032,1.0118545268459447,0
3033,1.0281673611240045,0
3034,1.0231590655131104,0
3035,1.0537156940844534,0
3036,1.0100238127338195,0
3037,1.0096550243178408,0
3038,1.0261628030245915,0
3039,1.0253093659735606,0
3040,1.060425300526897,0
3041,1.0309915730550554,0
3042,1.066092718328623,0
3043,1.0804338931697832,0
3044,1.047337093641465,0
3045,1.0671580696194976,0
3046,1.1120841876807572,0
3047,1.0977678641507673,0
3048,1.0627236467847176,0
3049,1.0707072230264978,0
3050,1.0832678530260762,0
3051,1.0852135427072622,0
3052,1.1159151823612095,0
3053,1.1165420240099981,0
3054,1.0855124019810607,0
3055,1.0504728168945758,0
3056,1.0604255488488532,0
3057,1.0892992989067365,0
3058,1.059047391387799,0
3059,1.0426817392280625,0
3060,1.0698989447614635,0
3061,1.1100326506236369,0
3062,1.1174723238799036,0
3063,1.1255800144921317,0
3064,1.1019328825408627,0
3065,1.0705090445784626,0
3066,1.1112341548271139,0
3067,1.077677209864006,0
3068,1.0843653013629053,0
3069,1.0916344793613262,0
3070,1.0817118764497604,0
3071,1.1008816270527377,0
3072,1.113063686234714,0
3073,1.0939243568156303,0
3074,1.0529962268849715,0
3075,1.082198999045222,0
3076,1.1169683355483173,0
3077,1.095014828288633,0
3078,1.122494850537166,0
3079,1.134616629239044,0
3080,1.122411433043721,0
3081,1.1459108017340611,0
3082,1.1521667370143456,0
3083,1.1845357962070795,0
3084,1.170153907213519,0
3085,1.1727822242200467,0
3086,1.1811524351809621,0
3087,1.1984933123367978,0
3088,1.2281383369448027,0
3089,1.220393223536101,0
3090,1.27181661065434,0
3091,1.2734369937638783,0
3092,1.2483282861865657,0
3093,1.2730894871318919,0
3094,1.2879686090776563,0
3095,1.2968541703938077,0
3096,1.2998678511463369,0
3097,1.2858939629894353,0
3098,1.24192873148621,0
3099,1.271378413088543,0
3100,1.3070226840828174,0
3101,1.3255898147914233,0
3102,1.3467055883438799,0
3103,1.3224496761304958,0
3104,1.3384660011616814,0
3105,1.338848168488996,0
3106,1.3680197220760153,0
3107,1.3751723879879143,0
3108,1.3817913603513516,0
3109,1.3536731565900209,0
3110,1.4140291373576261,0
3111,1.4636581879375192,0
3112,1.4713655599187097,0
3113,1.4656765718195228,0
3114,1.456359449787307,0
3115,1.4519011668742763,0
3116,1.4546919473270274,0
3117,1.4614173009909122,0
3118,1.4850788432856628,0
3119,1.4564616821772014,0
3120,1.462116473090507,0
3121,1.5026183201924996,0
3122,1.499286781825163,0
3123,1.5149699102423397,0
3124,1.5349665013170621,0
3125,1.5230533542224507,0
3126,1.5460985864241341,0
3127,1.550493231502359,0
3128,1.5471639665887857,0
3129,1.5564955211647387,0
3130,1.5450022396502487,0
3131,1.5471144298227322,0
3132,1.5611110859616912,0
3133,1.5765094757759754,0
3134,1.6048102660127141,0
3135,1.597246033720789,0
3136,1.614443861321588,0
3137,1.61212817687185,0
3138,1.6529321361110598,0
3139,1.5888033856448234,0
3140,1.5986440893424352,0
3141,1.5911627988579466,0
3142,1.5901677483957424,0
3143,1.6139156430779216,0
3144,1.5897681113936284,0
3145,1.5985890186833864,0
3146,1.6084378433481727,0
3147,1.5692593012389493,0
3148,1.562041998576175,0
3149,1.5331545624094245,0
3150,1.5602091569504586,0
3151,1.5593751027098124,0
3152,1.5459702464354221,0
3153,1.5712927297603971,0
3154,1.5495094907799434,0
3155,1.5019837361524535,0
3156,1.563807258565963,0
3157,1.4998622083894306,0
3158,1.5233241348616668,0
3159,1.5149626085945587,0
3160,1.5110407811961204,0
3161,1.4922402690962915,0
3162,1.4474208489788676,0
3163,1.4491857581605787,0
3164,1.409896889883841,0
3165,1.4478071047612788,0
3166,1.4647128194110555,0
3167,1.4366939538678805,0
3168,1.415855124878317,0
3169,1.4228472152401803,0
3170,1.3784723340836507,0
3171,1.4055536346719668,0
3172,1.4036138442100998,0
3173,1.425678964500752,0
3174,1.4180896870424686,0
3175,1.3913015261814508,0
3176,1.390415704441576,0
3177,1.3652261123477918,0
3178,1.3794032057382175,0
3179,1.3372400919705598,0
3180,1.331174317106297,0
3181,1.343461444905674,0
3182,1.2923779909565067,0
3183,1.2764287288200673,0
3184,1.2543152529371218,0
3185,1.3065101363171874,0
3186,1.243816593657977,0
3187,1.2066744261851337,0
3188,1.1907708255878189,0
3189,1.2063858246649417,0
3190,1.2033719981852211,0
3191,1.1655949328574569,0
3192,1.1534041039470262,0
3193,1.150765890813595,0
3194,1.1456593051822066,0
3195,1.1078385586390542,0
3196,1.1247567679359527,0
3197,1.1198836999447737,0
3198,1.1797029314485368,0
3199,1.122695501550314,0
3200,1.0788948913391943,0
3201,1.066036976014912,0
3202,1.1052105092180144,0
3203,1.1066742913984653,0
3204,1.1192442290176008,0
3205,1.1282097670227027,0
3206,1.1169124886238107,0
3207,1.1010111284620239,0
3208,1.1198568760275094,0
3209,1.1028375827102113,0
3210,1.0574508307819126,0
3211,1.0542047266696233,0
3212,1.0791679779317702,0
3213,1.0707848607958061,0
3214,1.0789590785254688,0
3215,1.0859300595470915,0
3216,1.10101702619411,0
3217,1.0609415001424225,0
3218,1.097161512953602,0
3219,1.0690422282393142,0
3220,1.046123394074994,0
3221,1.0577125252462343,0
3222,1.0652190654483447,0
3223,1.0745211337948049,0
3224,1.0721880762574867,0
3225,1.056925552775657,0
3226,1.0354635228315991,0
3227,1.0372056977158282,0
3228,1.0372930336513349,0
3229,1.0240622458844095,0
3230,1.0485225696963183,1
3231,1.0437591594157634,1
3232,1.0073694897345102,1
3233,1.0139561547435498,1
3234,1.003345446543594,1
3235,0.9872043110915767,1
3236,0.9811723015246339,1
3237,0.9509385517673444,1
3238,0.9684071935252547,1
3239,0.9800025618147206,1
3240,0.979499554698772,1
3241,0.9643994446052576,1
3242,0.9573560010472959,1
3243,0.9534939264311838,1
3244,0.924328360685208,1
3245,0.8913963229304063,1
3246,0.9067114511250423,1
3247,0.8568102748828886,1
3248,0.8631655176579107,0
3249,0.8979095094616816,0
3250,0.8587342787656383,0
3251,0.843894679766886,0
3252,0.8516966171779017,0
3253,0.8079260209827575,0
3254,0.839105163506735,0
3255,0.8545913053729212,0
3256,0.8437567756151326,0
3257,0.8188373929809702,0
3258,0.8368683242972883,0
3259,0.8075930859426627,0
3260,0.8361206965398521,0
3261,0.8180067869136392,0
3262,0.8398961595351727,0
3263,0.8195738632470174,0
3264,0.8334425330481703,0
3265,0.8178038731652317,0
3266,0.821870645081651,0
3267,0.7975281838062726,0
3268,0.8266670632346612,0
3269,0.8206279270119358,0
3270,0.8449153686150519,0
3271,0.841572124564599,0
3272,0.8290754664965099,0
3273,0.8315615019874932,0
3274,0.8100141500120857,0
3275,0.8241173600226019,0
3276,0.8185130136961695,0
3277,0.8157073284405056,0
3278,0.7938410381214345,0
3279,0.8622388584990914,0
3280,0.8679942189453335,0
3281,0.7991775803696798,0
3282,0.7979686266311097,0
3283,0.831796004147637,0
3284,0.849232868596049,0
3285,0.8521214231605337,0
3286,0.79987545483167,0
3287,0.7764440202527686,0
3288,0.8666532297689153,0
3289,0.8492738295712254,0
3290,0.8421672250628045,0
3291,0.8161254325421533,0
3292,0.8397971358603363,0
3293,0.8524608626213943,0
3294,0.8692118751441739,1
3295,0.900217249884486,1
3296,0.846860851783247,1
3297,0.8047231498649007,1
3298,0.8461741274164891,1
3299,0.8274972661429568,1
3300,0.8036709776582475,1
3301,0.7925387196296487,1
3302,0.8369052349907219,1
3303,0.8318820189513966,1
3304,0.7537029901270785,1
3305,0.7821597782615917,1
3306,0.806640148428777,1
3307,0.7934940649578283,1
3308,0.8016384671099878,1
3309,0.7849482373010467,1
3310,0.8057999627675431,1
3311,0.7854396754675234,0
3312,0.7683012860222723,0
3313,0.7610647257886201,0
3314,0.7601632930590343,0
3315,0.7719388326529586,0
3316,0.7703107003111161,0
3317,0.7830976979439958,0
3318,0.7614404080645039,0
3319,0.7698427225061489,0
3320,0.7577390910157965,0
3321,0.7742939294039377,0
3322,0.7707924773012484,0
3323,0.7790172306817926,0
3324,0.7586136754426961,0
3325,0.742984609693619,0
3326,0.7233812924482615,0
3327,0.7489651855061821,0
3328,0.7625135832294915,0
3329,0.8321520768256507,0
3330,0.8024967572598156,0
3331,0.8025796729523135,0
3332,0.7822200401710228,0
3333,0.7658914408095191,0
3334,0.7688034267783685,0
3335,0.7962029890667474,0
3336,0.8113794781638368,0
3337,0.8008385114140724,0
3338,0.7916157875115901,0
3339,0.783687613177278,0
3340,0.7792645253541097,0
3341,0.7665193531555318,0
3342,0.7545032082584514,0
3343,0.7642876020461424,0
3344,0.7675953324258755,0
3345,0.7510411925084189,0
3346,0.7796837224462643,0
3347,0.7645117615390962,0
3348,0.7592269602110986,0
3349,0.788205863565691,0
3350,0.7861872760385092,0
3351,0.797147645242765,1
3352,0.8063300696987408,1
3353,0.7660895544966003,1
3354,0.775384651977369,1
3355,0.7812462582439731,1
3356,0.7768317143430635,1
3357,0.7959161003124137,1
3358,0.7679641028347409,1
3359,0.7744341923312984,1
3360,0.745333668622502,1
3361,0.7884341789929652,1
3362,0.7524278081801176,1
3363,0.7090237287092682,1
3364,0.7170596836991218,1
3365,0.7354511604386653,1
3366,0.7322062963883795,1
3367,0.7576798590277088,1
3368,0.7742562438924119,0
3369,0.7191349519673182,0
3370,0.719324718356158,0
3371,0.7410129199919431,0
3372,0.6886752921524948,0
3373,0.6829634147698013,0
3374,0.7190674056341011,0
3375,0.7370684854490365,0
3376,0.6934665085783865,0
3377,0.703482589229992,0
3378,0.7149634263941336,0
3379,0.7262284869871184,0
3380,0.7183291409435975,0
3381,0.7272437394458249,0
3382,0.7409560456391651,0
3383,0.7203867538509713,0
3384,0.720544921297862,0
3385,0.727476064911195,0
3386,0.7237456279592119,0
3387,0.7384762838618758,0
3388,0.7626861547150299,0
3389,0.7808664016224706,0
3390,0.7936018769871256,0
3391,0.7753422684191056,0
3392,0.7623112914204299,0
3393,0.7609315573079292,0
3394,0.7488326627467886,0
3395,0.7894785506267897,0
3396,0.7861162196187055,0
3397,0.7886047231498362,0
3398,0.8058662571953209,0
3399,0.7659113256953999,0
3400,0.8047676324918838,0
3401,0.7723698907531047,0
3402,0.7761091067567266,0
3403,0.775156071206586,0
3404,0.7443796407020561,0
3405,0.7912793205848181,0
3406,0.8082178055961893,0
3407,0.7753257026984846,0
3408,0.7860286641629006,0
3409,0.7508141424880169,0
3410,0.7567959936957995,0
3411,0.7933763569142509,0
3412,0.7791812580810289,0
3413,0.8030798623711419,0
3414,0.7686821653144918,0
3415,0.7794729080514508,0
3416,0.755427748024554,0
3417,0.7980585743346231,0
3418,0.8038083727389288,0
3419,0.7912123013831461,0
3420,0.7806808605667003,0
3421,0.8081483645963929,0
3422,0.7970410097188847,0
3423,0.798320825156257,0
3424,0.762178123845709,0
3425,0.7893988367169429,0
3426,0.8028615205838395,0
3427,0.8392320957560917,0
3428,0.8196217456220357,0
3429,0.7964858298543427,0
3430,0.7962113578898457,0
3431,0.7972654932706987,0
3432,0.7910520569279932,0
3433,0.8336443879794916,0
3434,0.8033362697516337,0
3435,0.8260858145788852,0
3436,0.8541024257020312,0
3437,0.859373371231629,0
3438,0.8503581256062096,0
3439,0.8339352871626676,0
3440,0.8152996712408136,0
3441,0.8058900083368203,0
3442,0.8047871469691441,0
3443,0.8162573436406766,0
3444,0.8291482077251332,0
3445,0.8627112113340579,0
3446,0.8774246519760516,0
3447,0.8676213820148132,0
3448,0.8637357061790307,0
3449,0.9200207942577764,0
3450,0.9294753988367244,0
3451,0.9176189670073933,0
3452,0.9173648218723737,0
3453,0.9125651237110185,0
3454,0.9037859445762537,0
3455,0.8870719004867786,0
3456,0.8728704541652086,0
3457,0.8696897985824047,0
3458,0.8549018364274688,0
3459,0.8437133791631907,0
3460,0.8808295579358902,0
3461,0.8495924954042303,0
3462,0.8398340016872418,0
3463,0.840065715660641,0
3464,0.8254931339425178,0
3465,0.8437194739302233,0
3466,0.8527385539433793,0
3467,0.8314172021380407,0
3468,0.8392027487919754,0
3469,0.8638405578979957,0
3470,0.8299497728349805,1
3471,0.8376948143967561,1
3472,0.8927729333675519,1
3473,0.8851026913874721,1
3474,0.8904551272509983,1
3475,0.8849603939397257,1
3476,0.8894212132620704,1
3477,0.878420111003582,1
3478,0.8348134631282513,1
3479,0.8707639983996013,1
3480,0.8590316407143431,1
3481,0.8116295184471729,1
3482,0.8084126273700742,1
3483,0.821990261777106,1
3484,0.8177009536222745,1
3485,0.7936365460603171,1
3486,0.7828877067302658,1
3487,0.805106767830559,0
3488,0.805457328375915,0
3489,0.796779008177471,0
3490,0.8380450380619807,0
3491,0.8275880960477383,0
3492,0.8154452915410568,0
3493,0.7653990623428982,0
3494,0.7717268246411002,0
3495,0.8003157150104129,0
3496,0.7891472605320778,0
3497,0.792967655433676,0
3498,0.8131930261882009,0
3499,0.7943129056622735,0
3500,0.8153118280534387,0
3501,0.8021978973205606,0
3502,0.7947565514624844,0
3503,0.784743358186961,0
3504,0.8250951594307846,0
3505,0.7987760239349897,0
3506,0.8125067718537131,0
3507,0.8162032755420241,0
3508,0.8361880704187408,0
3509,0.8166952573607891,0
3510,0.8390172097957059,0
3511,0.8284003027705035,0
3512,0.8460168683914883,0
3513,0.7971262549572978,0
3514,0.8102599374199945,0
3515,0.8576768663737153,0
3516,0.8683728222526189,0
3517,0.8890354622597846,0
3518,0.8598197334806852,0
3519,0.8299881745501139,0
3520,0.7668435488473732,0
3521,0.7743755077396494,0
3522,0.7815627894807067,0
3523,0.8024512196009437,0
3524,0.7439021902087481,0
3525,0.7676450989528918,0
3526,0.7976931536378833,0
3527,0.8100107469202067,0
3528,0.8038668805590305,0
3529,0.8199295246405102,0
3530,0.8120357988181262,0
3531,0.7755058510178994,0
3532,0.8028385817531777,0
3533,0.8496366122689619,0
3534,0.8363277958874195,0
3535,0.7994953594678181,0
3536,0.8211729780667067,0
3537,0.8271690635011819,0
3538,0.8010665508829636,0
3539,0.8021302827688858,0
3540,0.8078738747182518,0
3541,0.8051340547590465,0
3542,0.80090993715861,0
3543,0.7715330250494443,0
3544,0.7480133640385169,0
3545,0.7715836057478921,0
3546,0.7765274563916968,0
3547,0.776414224379541,0
3548,0.771188199107417,0
3549,0.794026633518064,0
3550,0.7535269429402451,0
3551,0.76441729126538,0
3552,0.7573162268674878,0
3553,0.7584453085338503,0
3554,0.7562030641275748,1
3555,0.7379131758768168,1
3556,0.7611187916673823,1
3557,0.7536379342512481,1
3558,0.7290471238897998,1
3559,0.693238415468745,1
3560,0.6941111692486486,1
3561,0.7351164772036177,1
3562,0.7556571839987698,1
3563,0.7119431398533029,1
3564,0.720611158980117,1
3565,0.7031747343008156,1
3566,0.6870981334140264,1
3567,0.7047923207029362,1
3568,0.6812914625913034,1
3569,0.6867388232475974,1
3570,0.6975940472441126,1
3571,0.7131324195648073,1
3572,0.6962511329599523,1
3573,0.6838272197251178,1
3574,0.671144500746263,1
3575,0.6678053922759768,1
3576,0.7313096534122455,1
3577,0.6824586556629564,1
3578,0.6788633050263326,1
3579,0.6850114388599663,1
3580,0.6881291341965354,1
3581,0.7233917061959373,1
3582,0.671680143671539,1
3583,0.668068874378868,1
3584,0.682517305459232,1
3585,0.6332759696067359,1
3586,0.652895917639975,1
3587,0.6220021411512667,0
3588,0.6045276891778358,0
3589,0.635266182568167,0
3590,0.658640746117873,0
3591,0.6410411881948455,0
3592,0.6238228226977343,0
3593,0.6586116317602617,0
3594,0.6221014884089504,0
3595,0.6290299980499795,0
3596,0.6097087908926571,0
3597,0.634802062141075,0
3598,0.6245494539277173,0
3599,0.669645570245301,0
3600,0.6582759591136222,0
3601,0.5658672000825712,0
